CandidatID,Nom,Prenom,Email,Telephone,DateNaissance,NiveauEtude,ExperienceGlobal,DomaineExpertise
1,Cand1,Pr1,cand1@mail.com,+24100000001,1983-08-31,BTS,17,Commercial
2,Cand2,Pr2,cand2@mail.com,+24100000002,2011-10-14,Doctorat,1,Commercial
3,Cand3,Pr3,cand3@mail.com,+24100000003,2006-11-18,Doctorat,7,Tech
4,Cand4,Pr4,cand4@mail.com,+24100000004,1998-01-09,BTS,9,Tech
5,Cand5,Pr5,cand5@mail.com,+24100000005,1997-10-13,Licence,15,Commercial
6,Cand6,Pr6,cand6@mail.com,+24100000006,2015-04-05,BTS,2,RH
7,Cand7,Pr7,cand7@mail.com,+24100000007,1983-07-13,BTS,8,Finance
8,Cand8,Pr8,cand8@mail.com,+24100000008,2008-08-21,Doctorat,3,Finance
9,Cand9,Pr9,cand9@mail.com,+24100000009,1988-04-10,Doctorat,15,Commercial
10,Cand10,Pr10,cand10@mail.com,+24100000010,1983-11-13,Doctorat,12,Tech
11,Cand11,Pr11,cand11@mail.com,+24100000011,2001-08-15,Master,9,RH
12,Cand12,Pr12,cand12@mail.com,+24100000012,2020-01-25,BTS,7,Finance
13,Cand13,Pr13,cand13@mail.com,+24100000013,2010-03-20,Licence,3,IT
14,Cand14,Pr14,cand14@mail.com,+24100000014,2011-04-05,Master,18,Commercial
15,Cand15,Pr15,cand15@mail.com,+24100000015,2009-06-19,Doctorat,12,Finance
16,Cand16,Pr16,cand16@mail.com,+24100000016,2012-04-12,BTS,6,Finance
17,Cand17,Pr17,cand17@mail.com,+24100000017,2001-01-28,Master,8,Finance
18,Cand18,Pr18,cand18@mail.com,+24100000018,1985-04-05,Master,14,RH
19,Cand19,Pr19,cand19@mail.com,+24100000019,2014-06-27,Licence,14,Finance
20,Cand20,Pr20,cand20@mail.com,+24100000020,1998-06-30,Licence,9,Commercial
21,Cand21,Pr21,cand21@mail.com,+24100000021,2000-07-19,Licence,6,RH
22,Cand22,Pr22,cand22@mail.com,+24100000022,1995-03-24,Licence,13,IT
23,Cand23,Pr23,cand23@mail.com,+24100000023,1987-07-01,BTS,13,RH
24,Cand24,Pr24,cand24@mail.com,+24100000024,2018-01-22,BTS,11,IT
25,Cand25,Pr25,cand25@mail.com,+24100000025,2012-02-05,BTS,1,RH
26,Cand26,Pr26,cand26@mail.com,+24100000026,2006-06-10,Licence,9,Commercial
27,Cand27,Pr27,cand27@mail.com,+24100000027,1996-07-11,Licence,12,IT
28,Cand28,Pr28,cand28@mail.com,+24100000028,2013-10-15,Master,19,Commercial
29,Cand29,Pr29,cand29@mail.com,+24100000029,2002-05-26,Doctorat,10,RH
30,Cand30,Pr30,cand30@mail.com,+24100000030,1998-03-18,Master,6,Tech
31,Cand31,Pr31,cand31@mail.com,+24100000031,1998-07-01,Master,11,Commercial
32,Cand32,Pr32,cand32@mail.com,+24100000032,1989-05-01,Licence,3,RH
33,Cand33,Pr33,cand33@mail.com,+24100000033,1983-10-14,Doctorat,1,Finance
34,Cand34,Pr34,cand34@mail.com,+24100000034,2002-10-10,Master,13,IT
35,Cand35,Pr35,cand35@mail.com,+24100000035,2016-06-18,Licence,19,IT
36,Cand36,Pr36,cand36@mail.com,+24100000036,1982-08-15,Doctorat,16,Tech
37,Cand37,Pr37,cand37@mail.com,+24100000037,2015-04-01,BTS,11,Tech
38,Cand38,Pr38,cand38@mail.com,+24100000038,2013-12-27,Licence,0,IT
39,Cand39,Pr39,cand39@mail.com,+24100000039,1991-05-14,Master,19,RH
40,Cand40,Pr40,cand40@mail.com,+24100000040,2005-12-09,BTS,8,IT
41,Cand41,Pr41,cand41@mail.com,+24100000041,1986-10-14,Doctorat,5,RH
42,Cand42,Pr42,cand42@mail.com,+24100000042,2011-02-18,BTS,17,RH
43,Cand43,Pr43,cand43@mail.com,+24100000043,2008-10-07,Master,14,RH
44,Cand44,Pr44,cand44@mail.com,+24100000044,1994-07-23,Master,14,Finance
45,Cand45,Pr45,cand45@mail.com,+24100000045,1982-10-15,Doctorat,5,IT
46,Cand46,Pr46,cand46@mail.com,+24100000046,2019-11-12,Licence,19,Tech
47,Cand47,Pr47,cand47@mail.com,+24100000047,1998-04-21,Licence,9,Commercial
48,Cand48,Pr48,cand48@mail.com,+24100000048,2016-09-04,Doctorat,10,Commercial
49,Cand49,Pr49,cand49@mail.com,+24100000049,2007-11-03,Doctorat,15,IT
50,Cand50,Pr50,cand50@mail.com,+24100000050,2011-12-19,Licence,13,Commercial
51,Cand51,Pr51,cand51@mail.com,+24100000051,2011-03-17,Doctorat,3,Tech
52,Cand52,Pr52,cand52@mail.com,+24100000052,1987-12-29,Master,6,IT
53,Cand53,Pr53,cand53@mail.com,+24100000053,1994-12-11,Doctorat,7,Commercial
54,Cand54,Pr54,cand54@mail.com,+24100000054,1999-03-02,BTS,18,RH
55,Cand55,Pr55,cand55@mail.com,+24100000055,2000-06-10,Licence,14,Commercial
56,Cand56,Pr56,cand56@mail.com,+24100000056,1981-10-19,BTS,7,Finance
57,Cand57,Pr57,cand57@mail.com,+24100000057,2002-06-12,Master,14,Tech
58,Cand58,Pr58,cand58@mail.com,+24100000058,1986-05-03,BTS,14,IT
59,Cand59,Pr59,cand59@mail.com,+24100000059,2010-07-12,Master,7,RH
60,Cand60,Pr60,cand60@mail.com,+24100000060,2008-01-19,Master,8,RH
61,Cand61,Pr61,cand61@mail.com,+24100000061,2017-11-19,BTS,17,RH
62,Cand62,Pr62,cand62@mail.com,+24100000062,2010-08-02,Doctorat,11,RH
63,Cand63,Pr63,cand63@mail.com,+24100000063,1995-01-21,Licence,2,RH
64,Cand64,Pr64,cand64@mail.com,+24100000064,2019-09-25,Doctorat,14,IT
65,Cand65,Pr65,cand65@mail.com,+24100000065,1996-11-14,BTS,11,Commercial
66,Cand66,Pr66,cand66@mail.com,+24100000066,1993-05-19,Master,10,Finance
67,Cand67,Pr67,cand67@mail.com,+24100000067,2017-03-10,BTS,14,Tech
68,Cand68,Pr68,cand68@mail.com,+24100000068,1995-03-19,Doctorat,18,Commercial
69,Cand69,Pr69,cand69@mail.com,+24100000069,1983-02-19,Master,6,IT
70,Cand70,Pr70,cand70@mail.com,+24100000070,1999-04-14,Licence,8,IT
71,Cand71,Pr71,cand71@mail.com,+24100000071,2012-09-04,Doctorat,3,Finance
72,Cand72,Pr72,cand72@mail.com,+24100000072,1987-10-13,Licence,12,Finance
73,Cand73,Pr73,cand73@mail.com,+24100000073,1999-01-05,BTS,8,RH
74,Cand74,Pr74,cand74@mail.com,+24100000074,1985-05-02,Doctorat,6,Commercial
75,Cand75,Pr75,cand75@mail.com,+24100000075,2008-03-11,Master,13,Finance
76,Cand76,Pr76,cand76@mail.com,+24100000076,1999-07-15,Licence,8,Commercial
77,Cand77,Pr77,cand77@mail.com,+24100000077,1993-07-23,Doctorat,9,IT
78,Cand78,Pr78,cand78@mail.com,+24100000078,1989-04-26,Licence,8,Tech
79,Cand79,Pr79,cand79@mail.com,+24100000079,2003-03-08,Master,5,RH
80,Cand80,Pr80,cand80@mail.com,+24100000080,2007-07-05,BTS,2,Finance
81,Cand81,Pr81,cand81@mail.com,+24100000081,2018-08-13,BTS,16,Finance
82,Cand82,Pr82,cand82@mail.com,+24100000082,1997-12-14,BTS,1,Tech
83,Cand83,Pr83,cand83@mail.com,+24100000083,1986-08-07,BTS,6,RH
84,Cand84,Pr84,cand84@mail.com,+24100000084,2014-03-13,Doctorat,13,RH
85,Cand85,Pr85,cand85@mail.com,+24100000085,2005-11-11,Licence,2,RH
86,Cand86,Pr86,cand86@mail.com,+24100000086,2008-10-03,BTS,13,RH
87,Cand87,Pr87,cand87@mail.com,+24100000087,1983-12-29,BTS,14,IT
88,Cand88,Pr88,cand88@mail.com,+24100000088,1992-10-29,BTS,13,IT
89,Cand89,Pr89,cand89@mail.com,+24100000089,2011-07-14,Doctorat,6,RH
90,Cand90,Pr90,cand90@mail.com,+24100000090,2014-03-06,Licence,0,Finance
91,Cand91,Pr91,cand91@mail.com,+24100000091,1997-11-15,Doctorat,17,RH
92,Cand92,Pr92,cand92@mail.com,+24100000092,2013-01-18,Master,6,RH
93,Cand93,Pr93,cand93@mail.com,+24100000093,2014-07-26,BTS,16,Commercial
94,Cand94,Pr94,cand94@mail.com,+24100000094,1995-11-30,Master,3,RH
95,Cand95,Pr95,cand95@mail.com,+24100000095,2016-11-18,Master,3,Tech
96,Cand96,Pr96,cand96@mail.com,+24100000096,1991-11-03,Licence,15,Commercial
97,Cand97,Pr97,cand97@mail.com,+24100000097,1989-11-02,BTS,18,IT
98,Cand98,Pr98,cand98@mail.com,+24100000098,2008-01-11,BTS,17,RH
99,Cand99,Pr99,cand99@mail.com,+24100000099,2006-02-24,Licence,15,IT
100,Cand100,Pr100,cand100@mail.com,+24100000100,1985-09-27,Master,4,RH
101,Cand101,Pr101,cand101@mail.com,+24100000101,2014-03-14,Master,18,RH
102,Cand102,Pr102,cand102@mail.com,+24100000102,1988-03-17,Master,13,IT
103,Cand103,Pr103,cand103@mail.com,+24100000103,2013-01-20,BTS,3,IT
104,Cand104,Pr104,cand104@mail.com,+24100000104,1980-04-20,Licence,2,Finance
105,Cand105,Pr105,cand105@mail.com,+24100000105,2012-09-21,Master,17,Commercial
106,Cand106,Pr106,cand106@mail.com,+24100000106,2012-04-25,Licence,5,RH
107,Cand107,Pr107,cand107@mail.com,+24100000107,2012-01-18,Licence,15,Tech
108,Cand108,Pr108,cand108@mail.com,+24100000108,2007-04-21,BTS,2,RH
109,Cand109,Pr109,cand109@mail.com,+24100000109,1999-05-14,BTS,5,Tech
110,Cand110,Pr110,cand110@mail.com,+24100000110,2008-12-16,Licence,5,RH
111,Cand111,Pr111,cand111@mail.com,+24100000111,1991-05-19,Doctorat,5,Finance
112,Cand112,Pr112,cand112@mail.com,+24100000112,2012-01-23,Licence,13,Commercial
113,Cand113,Pr113,cand113@mail.com,+24100000113,2002-10-26,Licence,18,IT
114,Cand114,Pr114,cand114@mail.com,+24100000114,1998-11-05,Master,18,Tech
115,Cand115,Pr115,cand115@mail.com,+24100000115,2000-10-06,Licence,14,RH
116,Cand116,Pr116,cand116@mail.com,+24100000116,2003-05-11,Master,4,Finance
117,Cand117,Pr117,cand117@mail.com,+24100000117,1981-07-12,BTS,19,Commercial
118,Cand118,Pr118,cand118@mail.com,+24100000118,1985-09-27,Doctorat,10,Commercial
119,Cand119,Pr119,cand119@mail.com,+24100000119,1990-01-30,Doctorat,10,IT
120,Cand120,Pr120,cand120@mail.com,+24100000120,1984-09-13,Master,14,Tech
121,Cand121,Pr121,cand121@mail.com,+24100000121,1998-01-20,Licence,15,Commercial
122,Cand122,Pr122,cand122@mail.com,+24100000122,2007-06-14,Licence,19,Tech
123,Cand123,Pr123,cand123@mail.com,+24100000123,2006-11-16,Master,11,Finance
124,Cand124,Pr124,cand124@mail.com,+24100000124,1999-05-07,Licence,12,Commercial
125,Cand125,Pr125,cand125@mail.com,+24100000125,2015-02-12,BTS,14,Finance
126,Cand126,Pr126,cand126@mail.com,+24100000126,2003-03-19,BTS,5,Tech
127,Cand127,Pr127,cand127@mail.com,+24100000127,1983-04-02,BTS,6,Tech
128,Cand128,Pr128,cand128@mail.com,+24100000128,2011-06-01,Doctorat,12,Tech
129,Cand129,Pr129,cand129@mail.com,+24100000129,2003-08-07,Doctorat,1,Finance
130,Cand130,Pr130,cand130@mail.com,+24100000130,2006-01-24,Doctorat,6,Commercial
131,Cand131,Pr131,cand131@mail.com,+24100000131,2003-03-21,Master,14,RH
132,Cand132,Pr132,cand132@mail.com,+24100000132,2002-09-25,Doctorat,19,Finance
133,Cand133,Pr133,cand133@mail.com,+24100000133,1983-09-20,BTS,10,Commercial
134,Cand134,Pr134,cand134@mail.com,+24100000134,2002-12-19,BTS,7,IT
135,Cand135,Pr135,cand135@mail.com,+24100000135,2012-08-23,Doctorat,8,Commercial
136,Cand136,Pr136,cand136@mail.com,+24100000136,1992-06-25,Licence,13,IT
137,Cand137,Pr137,cand137@mail.com,+24100000137,2004-10-03,Doctorat,10,Finance
138,Cand138,Pr138,cand138@mail.com,+24100000138,1981-04-07,Master,0,Finance
139,Cand139,Pr139,cand139@mail.com,+24100000139,1994-04-09,Doctorat,10,Finance
140,Cand140,Pr140,cand140@mail.com,+24100000140,1997-12-07,Doctorat,8,Finance
141,Cand141,Pr141,cand141@mail.com,+24100000141,2020-05-11,BTS,14,Finance
142,Cand142,Pr142,cand142@mail.com,+24100000142,1988-10-23,Master,17,Finance
143,Cand143,Pr143,cand143@mail.com,+24100000143,1991-05-11,BTS,19,Finance
144,Cand144,Pr144,cand144@mail.com,+24100000144,1996-10-10,BTS,12,Finance
145,Cand145,Pr145,cand145@mail.com,+24100000145,2020-10-06,Master,7,Commercial
146,Cand146,Pr146,cand146@mail.com,+24100000146,2015-01-18,Master,8,Finance
147,Cand147,Pr147,cand147@mail.com,+24100000147,1981-06-04,Doctorat,3,Commercial
148,Cand148,Pr148,cand148@mail.com,+24100000148,1989-08-10,BTS,18,Tech
149,Cand149,Pr149,cand149@mail.com,+24100000149,2013-09-29,Doctorat,16,Tech
150,Cand150,Pr150,cand150@mail.com,+24100000150,1982-05-24,BTS,17,IT
151,Cand151,Pr151,cand151@mail.com,+24100000151,2015-02-21,Master,6,Commercial
152,Cand152,Pr152,cand152@mail.com,+24100000152,1991-07-22,Doctorat,6,RH
153,Cand153,Pr153,cand153@mail.com,+24100000153,2017-09-07,Master,17,IT
154,Cand154,Pr154,cand154@mail.com,+24100000154,1992-01-21,BTS,10,Commercial
155,Cand155,Pr155,cand155@mail.com,+24100000155,1997-11-01,Master,14,IT
156,Cand156,Pr156,cand156@mail.com,+24100000156,2007-03-08,Doctorat,9,Tech
157,Cand157,Pr157,cand157@mail.com,+24100000157,1985-03-09,Licence,8,Commercial
158,Cand158,Pr158,cand158@mail.com,+24100000158,2002-11-16,BTS,12,Tech
159,Cand159,Pr159,cand159@mail.com,+24100000159,2000-09-27,Master,16,Commercial
160,Cand160,Pr160,cand160@mail.com,+24100000160,2012-03-11,Master,6,Tech
161,Cand161,Pr161,cand161@mail.com,+24100000161,2020-11-27,Doctorat,16,IT
162,Cand162,Pr162,cand162@mail.com,+24100000162,2007-04-13,Master,4,Tech
163,Cand163,Pr163,cand163@mail.com,+24100000163,1996-10-20,BTS,8,IT
164,Cand164,Pr164,cand164@mail.com,+24100000164,1996-09-08,Doctorat,18,RH
165,Cand165,Pr165,cand165@mail.com,+24100000165,1997-03-01,Doctorat,19,IT
166,Cand166,Pr166,cand166@mail.com,+24100000166,2013-06-06,Licence,18,Finance
167,Cand167,Pr167,cand167@mail.com,+24100000167,1993-03-11,Licence,6,Commercial
168,Cand168,Pr168,cand168@mail.com,+24100000168,1986-11-09,Master,16,RH
169,Cand169,Pr169,cand169@mail.com,+24100000169,1993-09-23,BTS,18,Tech
170,Cand170,Pr170,cand170@mail.com,+24100000170,1980-12-06,BTS,19,Commercial
171,Cand171,Pr171,cand171@mail.com,+24100000171,1984-05-11,Doctorat,0,Commercial
172,Cand172,Pr172,cand172@mail.com,+24100000172,1983-09-12,Doctorat,14,Tech
173,Cand173,Pr173,cand173@mail.com,+24100000173,2011-09-08,Master,19,Finance
174,Cand174,Pr174,cand174@mail.com,+24100000174,2009-08-31,Licence,15,RH
175,Cand175,Pr175,cand175@mail.com,+24100000175,2008-08-12,Licence,4,Tech
176,Cand176,Pr176,cand176@mail.com,+24100000176,1998-12-20,Master,15,Finance
177,Cand177,Pr177,cand177@mail.com,+24100000177,2009-06-12,Master,2,Commercial
178,Cand178,Pr178,cand178@mail.com,+24100000178,1986-08-16,Licence,9,RH
179,Cand179,Pr179,cand179@mail.com,+24100000179,2016-12-26,Master,12,RH
180,Cand180,Pr180,cand180@mail.com,+24100000180,2000-07-29,Licence,9,IT
181,Cand181,Pr181,cand181@mail.com,+24100000181,2018-07-10,Doctorat,13,RH
182,Cand182,Pr182,cand182@mail.com,+24100000182,1986-04-03,BTS,4,IT
183,Cand183,Pr183,cand183@mail.com,+24100000183,2000-06-03,Doctorat,12,Commercial
184,Cand184,Pr184,cand184@mail.com,+24100000184,2008-08-05,Master,12,IT
185,Cand185,Pr185,cand185@mail.com,+24100000185,2000-05-09,Master,12,Commercial
186,Cand186,Pr186,cand186@mail.com,+24100000186,1998-04-28,Master,5,Tech
187,Cand187,Pr187,cand187@mail.com,+24100000187,1986-10-29,Licence,6,Commercial
188,Cand188,Pr188,cand188@mail.com,+24100000188,1995-08-25,Doctorat,5,Finance
189,Cand189,Pr189,cand189@mail.com,+24100000189,1989-10-21,Doctorat,9,IT
190,Cand190,Pr190,cand190@mail.com,+24100000190,1992-05-19,Licence,11,Tech
191,Cand191,Pr191,cand191@mail.com,+24100000191,2008-01-29,Master,7,IT
192,Cand192,Pr192,cand192@mail.com,+24100000192,2005-11-19,Master,8,Commercial
193,Cand193,Pr193,cand193@mail.com,+24100000193,2004-12-07,Licence,5,Commercial
194,Cand194,Pr194,cand194@mail.com,+24100000194,1994-11-10,Doctorat,4,IT
195,Cand195,Pr195,cand195@mail.com,+24100000195,2019-05-31,Doctorat,13,Commercial
196,Cand196,Pr196,cand196@mail.com,+24100000196,1983-08-07,Doctorat,16,IT
197,Cand197,Pr197,cand197@mail.com,+24100000197,1994-01-25,Doctorat,5,RH
198,Cand198,Pr198,cand198@mail.com,+24100000198,1984-11-05,BTS,17,Tech
199,Cand199,Pr199,cand199@mail.com,+24100000199,1993-12-02,BTS,11,Tech
200,Cand200,Pr200,cand200@mail.com,+24100000200,2019-07-03,Doctorat,3,RH
201,Cand201,Pr201,cand201@mail.com,+24100000201,1995-01-15,BTS,7,Tech
202,Cand202,Pr202,cand202@mail.com,+24100000202,2017-04-24,Master,0,Tech
203,Cand203,Pr203,cand203@mail.com,+24100000203,2000-04-30,BTS,0,Commercial
204,Cand204,Pr204,cand204@mail.com,+24100000204,2008-09-25,BTS,6,IT
205,Cand205,Pr205,cand205@mail.com,+24100000205,1998-10-14,Doctorat,9,RH
206,Cand206,Pr206,cand206@mail.com,+24100000206,1990-12-02,BTS,15,Commercial
207,Cand207,Pr207,cand207@mail.com,+24100000207,2011-05-21,Doctorat,2,Tech
208,Cand208,Pr208,cand208@mail.com,+24100000208,2019-10-20,Doctorat,16,Tech
209,Cand209,Pr209,cand209@mail.com,+24100000209,1990-10-27,Master,4,Finance
210,Cand210,Pr210,cand210@mail.com,+24100000210,2011-12-25,BTS,2,RH
211,Cand211,Pr211,cand211@mail.com,+24100000211,1990-09-22,Doctorat,13,Tech
212,Cand212,Pr212,cand212@mail.com,+24100000212,2009-06-10,BTS,15,RH
213,Cand213,Pr213,cand213@mail.com,+24100000213,2012-05-27,Master,12,RH
214,Cand214,Pr214,cand214@mail.com,+24100000214,1998-06-15,BTS,2,Tech
215,Cand215,Pr215,cand215@mail.com,+24100000215,2010-04-06,Licence,2,Finance
216,Cand216,Pr216,cand216@mail.com,+24100000216,1991-03-07,Licence,7,RH
217,Cand217,Pr217,cand217@mail.com,+24100000217,1983-04-03,Doctorat,9,IT
218,Cand218,Pr218,cand218@mail.com,+24100000218,1983-12-16,Doctorat,19,Finance
219,Cand219,Pr219,cand219@mail.com,+24100000219,1998-05-11,BTS,5,Tech
220,Cand220,Pr220,cand220@mail.com,+24100000220,2017-01-25,Master,3,Finance
221,Cand221,Pr221,cand221@mail.com,+24100000221,1985-03-28,Doctorat,18,Commercial
222,Cand222,Pr222,cand222@mail.com,+24100000222,1998-09-19,Doctorat,3,RH
223,Cand223,Pr223,cand223@mail.com,+24100000223,2008-11-29,BTS,0,Commercial
224,Cand224,Pr224,cand224@mail.com,+24100000224,1988-04-23,Doctorat,8,Commercial
225,Cand225,Pr225,cand225@mail.com,+24100000225,2009-08-20,Master,8,Commercial
226,Cand226,Pr226,cand226@mail.com,+24100000226,1992-07-25,BTS,12,Commercial
227,Cand227,Pr227,cand227@mail.com,+24100000227,2013-03-17,Licence,17,Finance
228,Cand228,Pr228,cand228@mail.com,+24100000228,2003-10-15,BTS,18,RH
229,Cand229,Pr229,cand229@mail.com,+24100000229,2002-06-17,Licence,5,Commercial
230,Cand230,Pr230,cand230@mail.com,+24100000230,1987-04-05,Master,19,Tech
231,Cand231,Pr231,cand231@mail.com,+24100000231,1999-01-09,BTS,12,Tech
232,Cand232,Pr232,cand232@mail.com,+24100000232,2015-03-07,Doctorat,1,RH
233,Cand233,Pr233,cand233@mail.com,+24100000233,1980-10-19,BTS,18,Commercial
234,Cand234,Pr234,cand234@mail.com,+24100000234,2011-02-24,Doctorat,2,IT
235,Cand235,Pr235,cand235@mail.com,+24100000235,2000-03-27,Doctorat,11,Finance
236,Cand236,Pr236,cand236@mail.com,+24100000236,2009-07-18,Master,15,Finance
237,Cand237,Pr237,cand237@mail.com,+24100000237,2007-03-29,Licence,4,RH
238,Cand238,Pr238,cand238@mail.com,+24100000238,1997-09-29,Licence,5,Tech
239,Cand239,Pr239,cand239@mail.com,+24100000239,1992-09-04,Master,9,Tech
240,Cand240,Pr240,cand240@mail.com,+24100000240,2005-10-05,Licence,17,IT
241,Cand241,Pr241,cand241@mail.com,+24100000241,1985-10-04,Doctorat,4,RH
242,Cand242,Pr242,cand242@mail.com,+24100000242,2003-12-27,BTS,13,RH
243,Cand243,Pr243,cand243@mail.com,+24100000243,1983-11-21,BTS,9,Tech
244,Cand244,Pr244,cand244@mail.com,+24100000244,2006-09-08,Master,2,Finance
245,Cand245,Pr245,cand245@mail.com,+24100000245,2005-10-27,BTS,14,Commercial
246,Cand246,Pr246,cand246@mail.com,+24100000246,1983-06-20,BTS,16,Tech
247,Cand247,Pr247,cand247@mail.com,+24100000247,2011-02-09,BTS,11,Commercial
248,Cand248,Pr248,cand248@mail.com,+24100000248,1997-01-28,Master,3,IT
249,Cand249,Pr249,cand249@mail.com,+24100000249,2012-04-25,Master,3,IT
250,Cand250,Pr250,cand250@mail.com,+24100000250,1981-09-16,BTS,8,RH
251,Cand251,Pr251,cand251@mail.com,+24100000251,1987-05-15,Licence,10,RH
252,Cand252,Pr252,cand252@mail.com,+24100000252,2000-04-14,Master,11,Commercial
253,Cand253,Pr253,cand253@mail.com,+24100000253,1987-09-24,Licence,4,IT
254,Cand254,Pr254,cand254@mail.com,+24100000254,1993-07-18,BTS,10,RH
255,Cand255,Pr255,cand255@mail.com,+24100000255,2007-02-16,Doctorat,5,RH
256,Cand256,Pr256,cand256@mail.com,+24100000256,1985-12-07,Licence,13,IT
257,Cand257,Pr257,cand257@mail.com,+24100000257,2007-10-31,Licence,15,IT
258,Cand258,Pr258,cand258@mail.com,+24100000258,1984-03-31,Doctorat,13,IT
259,Cand259,Pr259,cand259@mail.com,+24100000259,1987-03-12,Doctorat,0,Finance
260,Cand260,Pr260,cand260@mail.com,+24100000260,2004-02-18,BTS,19,Finance
261,Cand261,Pr261,cand261@mail.com,+24100000261,2012-08-02,Master,0,Finance
262,Cand262,Pr262,cand262@mail.com,+24100000262,1987-01-02,BTS,19,Finance
263,Cand263,Pr263,cand263@mail.com,+24100000263,1992-04-26,Master,0,Commercial
264,Cand264,Pr264,cand264@mail.com,+24100000264,2017-12-28,BTS,10,Tech
265,Cand265,Pr265,cand265@mail.com,+24100000265,2020-08-23,Licence,2,Finance
266,Cand266,Pr266,cand266@mail.com,+24100000266,2003-11-11,Licence,1,Commercial
267,Cand267,Pr267,cand267@mail.com,+24100000267,1998-05-11,Licence,13,Commercial
268,Cand268,Pr268,cand268@mail.com,+24100000268,1994-03-31,Master,14,Commercial
269,Cand269,Pr269,cand269@mail.com,+24100000269,2005-02-24,BTS,2,IT
270,Cand270,Pr270,cand270@mail.com,+24100000270,2004-04-07,Licence,19,Tech
271,Cand271,Pr271,cand271@mail.com,+24100000271,1992-02-08,Master,6,IT
272,Cand272,Pr272,cand272@mail.com,+24100000272,1980-12-08,Licence,6,Finance
273,Cand273,Pr273,cand273@mail.com,+24100000273,1986-03-22,BTS,5,Commercial
274,Cand274,Pr274,cand274@mail.com,+24100000274,2019-05-14,Doctorat,9,Finance
275,Cand275,Pr275,cand275@mail.com,+24100000275,1997-03-04,BTS,3,RH
276,Cand276,Pr276,cand276@mail.com,+24100000276,1999-10-22,Doctorat,8,Tech
277,Cand277,Pr277,cand277@mail.com,+24100000277,1999-03-08,Doctorat,4,IT
278,Cand278,Pr278,cand278@mail.com,+24100000278,2012-02-23,BTS,1,RH
279,Cand279,Pr279,cand279@mail.com,+24100000279,1982-09-01,Licence,7,Tech
280,Cand280,Pr280,cand280@mail.com,+24100000280,1983-05-25,BTS,13,Commercial
281,Cand281,Pr281,cand281@mail.com,+24100000281,1991-04-30,Doctorat,15,IT
282,Cand282,Pr282,cand282@mail.com,+24100000282,1999-12-26,Doctorat,7,Commercial
283,Cand283,Pr283,cand283@mail.com,+24100000283,2007-07-24,Master,6,Tech
284,Cand284,Pr284,cand284@mail.com,+24100000284,2000-02-25,BTS,15,IT
285,Cand285,Pr285,cand285@mail.com,+24100000285,1998-02-12,Master,13,Finance
286,Cand286,Pr286,cand286@mail.com,+24100000286,2018-07-07,Licence,16,Finance
287,Cand287,Pr287,cand287@mail.com,+24100000287,1986-08-12,BTS,18,IT
288,Cand288,Pr288,cand288@mail.com,+24100000288,2003-06-24,Licence,16,RH
289,Cand289,Pr289,cand289@mail.com,+24100000289,2002-04-08,Licence,18,IT
290,Cand290,Pr290,cand290@mail.com,+24100000290,1999-06-12,Doctorat,8,IT
291,Cand291,Pr291,cand291@mail.com,+24100000291,2013-03-01,Licence,7,Finance
292,Cand292,Pr292,cand292@mail.com,+24100000292,1990-12-18,BTS,6,Finance
293,Cand293,Pr293,cand293@mail.com,+24100000293,2019-03-03,Master,4,RH
294,Cand294,Pr294,cand294@mail.com,+24100000294,1993-08-13,Licence,14,RH
295,Cand295,Pr295,cand295@mail.com,+24100000295,2002-05-20,BTS,14,IT
296,Cand296,Pr296,cand296@mail.com,+24100000296,2001-05-20,Doctorat,16,Commercial
297,Cand297,Pr297,cand297@mail.com,+24100000297,2014-11-24,Master,3,RH
298,Cand298,Pr298,cand298@mail.com,+24100000298,1998-01-09,Doctorat,9,Tech
299,Cand299,Pr299,cand299@mail.com,+24100000299,1991-09-08,Doctorat,4,Finance
300,Cand300,Pr300,cand300@mail.com,+24100000300,1980-11-20,Licence,17,Tech
301,Cand301,Pr301,cand301@mail.com,+24100000301,1994-12-08,BTS,5,Commercial
302,Cand302,Pr302,cand302@mail.com,+24100000302,2013-12-07,Master,2,RH
303,Cand303,Pr303,cand303@mail.com,+24100000303,1980-05-28,Doctorat,11,Commercial
304,Cand304,Pr304,cand304@mail.com,+24100000304,2016-10-20,BTS,17,RH
305,Cand305,Pr305,cand305@mail.com,+24100000305,2002-04-17,Doctorat,18,IT
306,Cand306,Pr306,cand306@mail.com,+24100000306,1985-10-04,Doctorat,1,RH
307,Cand307,Pr307,cand307@mail.com,+24100000307,1992-05-29,Master,6,RH
308,Cand308,Pr308,cand308@mail.com,+24100000308,2002-10-02,Licence,3,IT
309,Cand309,Pr309,cand309@mail.com,+24100000309,1992-12-18,Master,6,IT
310,Cand310,Pr310,cand310@mail.com,+24100000310,1984-06-16,BTS,10,Tech
311,Cand311,Pr311,cand311@mail.com,+24100000311,2007-05-08,Doctorat,5,Finance
312,Cand312,Pr312,cand312@mail.com,+24100000312,2007-08-10,Master,1,Finance
313,Cand313,Pr313,cand313@mail.com,+24100000313,1984-11-18,BTS,10,Tech
314,Cand314,Pr314,cand314@mail.com,+24100000314,1991-07-20,BTS,1,RH
315,Cand315,Pr315,cand315@mail.com,+24100000315,1990-01-06,BTS,4,Finance
316,Cand316,Pr316,cand316@mail.com,+24100000316,2007-01-30,Master,0,Tech
317,Cand317,Pr317,cand317@mail.com,+24100000317,2009-12-28,Doctorat,1,Commercial
318,Cand318,Pr318,cand318@mail.com,+24100000318,2009-11-08,Doctorat,8,RH
319,Cand319,Pr319,cand319@mail.com,+24100000319,2018-07-21,Master,17,RH
320,Cand320,Pr320,cand320@mail.com,+24100000320,2011-07-26,Master,15,IT
321,Cand321,Pr321,cand321@mail.com,+24100000321,1993-03-03,Licence,1,IT
322,Cand322,Pr322,cand322@mail.com,+24100000322,1984-06-04,Master,0,IT
323,Cand323,Pr323,cand323@mail.com,+24100000323,2005-03-29,Doctorat,6,Commercial
324,Cand324,Pr324,cand324@mail.com,+24100000324,2017-08-14,BTS,13,Commercial
325,Cand325,Pr325,cand325@mail.com,+24100000325,2020-01-18,BTS,14,Finance
326,Cand326,Pr326,cand326@mail.com,+24100000326,1989-06-15,Licence,16,Commercial
327,Cand327,Pr327,cand327@mail.com,+24100000327,1989-09-16,Doctorat,6,IT
328,Cand328,Pr328,cand328@mail.com,+24100000328,1981-07-15,Licence,3,RH
329,Cand329,Pr329,cand329@mail.com,+24100000329,1985-10-19,Doctorat,0,RH
330,Cand330,Pr330,cand330@mail.com,+24100000330,2002-10-14,Master,2,Tech
331,Cand331,Pr331,cand331@mail.com,+24100000331,2002-06-16,Master,1,Commercial
332,Cand332,Pr332,cand332@mail.com,+24100000332,1995-03-26,Doctorat,17,Tech
333,Cand333,Pr333,cand333@mail.com,+24100000333,1992-09-23,Master,5,RH
334,Cand334,Pr334,cand334@mail.com,+24100000334,2014-01-28,BTS,16,Tech
335,Cand335,Pr335,cand335@mail.com,+24100000335,1998-11-22,Doctorat,11,IT
336,Cand336,Pr336,cand336@mail.com,+24100000336,2013-03-11,BTS,10,RH
337,Cand337,Pr337,cand337@mail.com,+24100000337,2019-07-23,Doctorat,9,Finance
338,Cand338,Pr338,cand338@mail.com,+24100000338,1993-01-09,Master,16,IT
339,Cand339,Pr339,cand339@mail.com,+24100000339,1988-04-29,BTS,0,Tech
340,Cand340,Pr340,cand340@mail.com,+24100000340,2019-02-18,Master,1,Tech
341,Cand341,Pr341,cand341@mail.com,+24100000341,2006-01-26,Doctorat,8,Finance
342,Cand342,Pr342,cand342@mail.com,+24100000342,1991-12-12,Licence,7,RH
343,Cand343,Pr343,cand343@mail.com,+24100000343,2005-07-15,Licence,10,IT
344,Cand344,Pr344,cand344@mail.com,+24100000344,2001-02-24,Doctorat,14,Commercial
345,Cand345,Pr345,cand345@mail.com,+24100000345,2017-03-09,Licence,11,Finance
346,Cand346,Pr346,cand346@mail.com,+24100000346,1990-07-06,BTS,5,Commercial
347,Cand347,Pr347,cand347@mail.com,+24100000347,2020-09-17,BTS,6,Commercial
348,Cand348,Pr348,cand348@mail.com,+24100000348,2018-06-10,Doctorat,15,IT
349,Cand349,Pr349,cand349@mail.com,+24100000349,1987-06-03,Doctorat,4,IT
350,Cand350,Pr350,cand350@mail.com,+24100000350,1986-10-05,Doctorat,10,Commercial
351,Cand351,Pr351,cand351@mail.com,+24100000351,2001-11-23,Licence,10,IT
352,Cand352,Pr352,cand352@mail.com,+24100000352,1981-11-04,Master,15,Tech
353,Cand353,Pr353,cand353@mail.com,+24100000353,1992-04-08,Master,14,IT
354,Cand354,Pr354,cand354@mail.com,+24100000354,1997-11-13,BTS,9,Commercial
355,Cand355,Pr355,cand355@mail.com,+24100000355,2019-10-23,Licence,6,Tech
356,Cand356,Pr356,cand356@mail.com,+24100000356,2020-10-02,Master,7,Finance
357,Cand357,Pr357,cand357@mail.com,+24100000357,1986-03-23,Master,8,IT
358,Cand358,Pr358,cand358@mail.com,+24100000358,2016-08-14,Licence,4,Tech
359,Cand359,Pr359,cand359@mail.com,+24100000359,1983-09-25,Licence,12,IT
360,Cand360,Pr360,cand360@mail.com,+24100000360,2010-09-29,Master,4,Finance
361,Cand361,Pr361,cand361@mail.com,+24100000361,2014-09-23,Licence,12,Tech
362,Cand362,Pr362,cand362@mail.com,+24100000362,2016-07-31,Licence,15,Commercial
363,Cand363,Pr363,cand363@mail.com,+24100000363,1989-03-05,Master,19,IT
364,Cand364,Pr364,cand364@mail.com,+24100000364,2016-09-09,Licence,2,Tech
365,Cand365,Pr365,cand365@mail.com,+24100000365,1984-10-05,Doctorat,15,IT
366,Cand366,Pr366,cand366@mail.com,+24100000366,2001-04-22,Licence,1,Commercial
367,Cand367,Pr367,cand367@mail.com,+24100000367,1999-04-14,Master,6,Commercial
368,Cand368,Pr368,cand368@mail.com,+24100000368,1992-12-21,Master,3,RH
369,Cand369,Pr369,cand369@mail.com,+24100000369,1980-11-27,BTS,3,Finance
370,Cand370,Pr370,cand370@mail.com,+24100000370,2011-09-15,Doctorat,3,IT
371,Cand371,Pr371,cand371@mail.com,+24100000371,1993-10-12,BTS,0,Tech
372,Cand372,Pr372,cand372@mail.com,+24100000372,2007-03-04,Master,16,RH
373,Cand373,Pr373,cand373@mail.com,+24100000373,1996-11-05,Master,1,RH
374,Cand374,Pr374,cand374@mail.com,+24100000374,1995-05-06,Master,7,Finance
375,Cand375,Pr375,cand375@mail.com,+24100000375,2016-05-25,BTS,13,Commercial
376,Cand376,Pr376,cand376@mail.com,+24100000376,1983-11-18,BTS,19,Finance
377,Cand377,Pr377,cand377@mail.com,+24100000377,2010-04-02,BTS,17,Finance
378,Cand378,Pr378,cand378@mail.com,+24100000378,2010-09-01,BTS,2,Finance
379,Cand379,Pr379,cand379@mail.com,+24100000379,1995-08-09,Doctorat,19,Tech
380,Cand380,Pr380,cand380@mail.com,+24100000380,1990-10-11,Doctorat,13,RH
381,Cand381,Pr381,cand381@mail.com,+24100000381,1980-03-20,BTS,3,Tech
382,Cand382,Pr382,cand382@mail.com,+24100000382,2018-06-22,Master,8,Commercial
383,Cand383,Pr383,cand383@mail.com,+24100000383,2018-12-02,Master,18,Tech
384,Cand384,Pr384,cand384@mail.com,+24100000384,1989-11-23,BTS,7,Tech
385,Cand385,Pr385,cand385@mail.com,+24100000385,1981-04-23,Master,3,Commercial
386,Cand386,Pr386,cand386@mail.com,+24100000386,1985-01-15,Licence,17,RH
387,Cand387,Pr387,cand387@mail.com,+24100000387,1982-10-11,Doctorat,19,Commercial
388,Cand388,Pr388,cand388@mail.com,+24100000388,2014-02-17,Master,19,Commercial
389,Cand389,Pr389,cand389@mail.com,+24100000389,2016-08-17,BTS,19,RH
390,Cand390,Pr390,cand390@mail.com,+24100000390,1986-04-18,BTS,17,Commercial
391,Cand391,Pr391,cand391@mail.com,+24100000391,2010-09-01,Master,9,RH
392,Cand392,Pr392,cand392@mail.com,+24100000392,1987-05-13,Doctorat,3,Finance
393,Cand393,Pr393,cand393@mail.com,+24100000393,1995-01-30,BTS,12,Commercial
394,Cand394,Pr394,cand394@mail.com,+24100000394,2004-08-12,Doctorat,4,IT
395,Cand395,Pr395,cand395@mail.com,+24100000395,2009-07-25,Licence,9,RH
396,Cand396,Pr396,cand396@mail.com,+24100000396,2015-12-01,Doctorat,13,Commercial
397,Cand397,Pr397,cand397@mail.com,+24100000397,1981-11-02,Doctorat,18,Finance
398,Cand398,Pr398,cand398@mail.com,+24100000398,1988-01-25,Doctorat,5,Tech
399,Cand399,Pr399,cand399@mail.com,+24100000399,1991-07-09,Licence,5,IT
400,Cand400,Pr400,cand400@mail.com,+24100000400,1992-09-28,Master,14,Commercial
401,Cand401,Pr401,cand401@mail.com,+24100000401,2020-12-26,BTS,0,Tech
402,Cand402,Pr402,cand402@mail.com,+24100000402,2011-12-05,Licence,11,Tech
403,Cand403,Pr403,cand403@mail.com,+24100000403,1993-02-27,Master,14,IT
404,Cand404,Pr404,cand404@mail.com,+24100000404,2019-11-29,Master,11,Tech
405,Cand405,Pr405,cand405@mail.com,+24100000405,2000-07-03,Licence,7,RH
406,Cand406,Pr406,cand406@mail.com,+24100000406,2000-07-25,Licence,16,RH
407,Cand407,Pr407,cand407@mail.com,+24100000407,1997-10-23,Master,7,RH
408,Cand408,Pr408,cand408@mail.com,+24100000408,1985-11-28,BTS,14,Commercial
409,Cand409,Pr409,cand409@mail.com,+24100000409,2018-05-16,Licence,9,Commercial
410,Cand410,Pr410,cand410@mail.com,+24100000410,1980-07-28,Master,0,Finance
411,Cand411,Pr411,cand411@mail.com,+24100000411,1987-02-27,Licence,10,IT
412,Cand412,Pr412,cand412@mail.com,+24100000412,1989-06-06,Doctorat,0,Tech
413,Cand413,Pr413,cand413@mail.com,+24100000413,1991-06-21,Master,18,RH
414,Cand414,Pr414,cand414@mail.com,+24100000414,1985-05-31,BTS,12,IT
415,Cand415,Pr415,cand415@mail.com,+24100000415,1980-09-26,Doctorat,7,Finance
416,Cand416,Pr416,cand416@mail.com,+24100000416,2007-10-30,BTS,9,Finance
417,Cand417,Pr417,cand417@mail.com,+24100000417,2019-10-22,Doctorat,12,Commercial
418,Cand418,Pr418,cand418@mail.com,+24100000418,1985-01-01,Master,5,Tech
419,Cand419,Pr419,cand419@mail.com,+24100000419,1992-03-06,BTS,5,IT
420,Cand420,Pr420,cand420@mail.com,+24100000420,2000-10-16,Master,8,RH
421,Cand421,Pr421,cand421@mail.com,+24100000421,2018-02-02,BTS,5,Finance
422,Cand422,Pr422,cand422@mail.com,+24100000422,2008-07-05,BTS,15,Commercial
423,Cand423,Pr423,cand423@mail.com,+24100000423,2011-06-19,Doctorat,2,Commercial
424,Cand424,Pr424,cand424@mail.com,+24100000424,2003-11-12,Doctorat,16,RH
425,Cand425,Pr425,cand425@mail.com,+24100000425,1997-02-15,Master,6,Commercial
426,Cand426,Pr426,cand426@mail.com,+24100000426,1988-03-15,BTS,11,Tech
427,Cand427,Pr427,cand427@mail.com,+24100000427,2015-06-30,Doctorat,3,Finance
428,Cand428,Pr428,cand428@mail.com,+24100000428,2013-01-08,BTS,7,Tech
429,Cand429,Pr429,cand429@mail.com,+24100000429,1981-01-11,Master,15,Commercial
430,Cand430,Pr430,cand430@mail.com,+24100000430,2009-05-19,BTS,5,RH
431,Cand431,Pr431,cand431@mail.com,+24100000431,1983-06-19,Master,2,RH
432,Cand432,Pr432,cand432@mail.com,+24100000432,2010-05-07,Licence,10,Commercial
433,Cand433,Pr433,cand433@mail.com,+24100000433,2013-12-02,Licence,3,RH
434,Cand434,Pr434,cand434@mail.com,+24100000434,1985-05-19,Doctorat,6,RH
435,Cand435,Pr435,cand435@mail.com,+24100000435,1997-10-25,Master,9,RH
436,Cand436,Pr436,cand436@mail.com,+24100000436,1985-01-30,Licence,11,Commercial
437,Cand437,Pr437,cand437@mail.com,+24100000437,2003-04-19,Master,12,RH
438,Cand438,Pr438,cand438@mail.com,+24100000438,2018-02-03,Doctorat,13,Commercial
439,Cand439,Pr439,cand439@mail.com,+24100000439,1983-04-28,Master,16,Tech
440,Cand440,Pr440,cand440@mail.com,+24100000440,1996-04-29,BTS,1,Tech
441,Cand441,Pr441,cand441@mail.com,+24100000441,2019-12-18,BTS,7,Tech
442,Cand442,Pr442,cand442@mail.com,+24100000442,1992-05-11,Doctorat,0,IT
443,Cand443,Pr443,cand443@mail.com,+24100000443,1985-06-06,BTS,0,Finance
444,Cand444,Pr444,cand444@mail.com,+24100000444,2000-01-24,Master,4,RH
445,Cand445,Pr445,cand445@mail.com,+24100000445,2000-11-16,Licence,11,Tech
446,Cand446,Pr446,cand446@mail.com,+24100000446,2007-03-22,Licence,17,Commercial
447,Cand447,Pr447,cand447@mail.com,+24100000447,1992-11-19,BTS,15,RH
448,Cand448,Pr448,cand448@mail.com,+24100000448,2019-03-31,BTS,12,Finance
449,Cand449,Pr449,cand449@mail.com,+24100000449,2001-05-25,Doctorat,15,Commercial
450,Cand450,Pr450,cand450@mail.com,+24100000450,1991-10-06,Licence,3,Finance
451,Cand451,Pr451,cand451@mail.com,+24100000451,2019-06-09,Master,16,Finance
452,Cand452,Pr452,cand452@mail.com,+24100000452,2017-12-24,Licence,17,IT
453,Cand453,Pr453,cand453@mail.com,+24100000453,2000-07-01,Licence,1,Finance
454,Cand454,Pr454,cand454@mail.com,+24100000454,1981-01-07,Licence,9,RH
455,Cand455,Pr455,cand455@mail.com,+24100000455,2004-07-07,Doctorat,16,Tech
456,Cand456,Pr456,cand456@mail.com,+24100000456,2002-10-19,Licence,9,Tech
457,Cand457,Pr457,cand457@mail.com,+24100000457,1986-02-01,BTS,16,Commercial
458,Cand458,Pr458,cand458@mail.com,+24100000458,2006-01-13,Master,18,IT
459,Cand459,Pr459,cand459@mail.com,+24100000459,2014-07-12,Master,9,Tech
460,Cand460,Pr460,cand460@mail.com,+24100000460,1984-05-07,Doctorat,1,RH
461,Cand461,Pr461,cand461@mail.com,+24100000461,2009-09-14,BTS,6,Finance
462,Cand462,Pr462,cand462@mail.com,+24100000462,1985-10-06,Master,4,Tech
463,Cand463,Pr463,cand463@mail.com,+24100000463,2010-10-02,Licence,9,Tech
464,Cand464,Pr464,cand464@mail.com,+24100000464,1997-03-18,Licence,11,IT
465,Cand465,Pr465,cand465@mail.com,+24100000465,1980-04-07,BTS,9,RH
466,Cand466,Pr466,cand466@mail.com,+24100000466,2019-09-06,Licence,3,Commercial
467,Cand467,Pr467,cand467@mail.com,+24100000467,1986-10-25,Doctorat,6,Finance
468,Cand468,Pr468,cand468@mail.com,+24100000468,2004-06-23,Master,13,RH
469,Cand469,Pr469,cand469@mail.com,+24100000469,1987-06-15,BTS,0,Finance
470,Cand470,Pr470,cand470@mail.com,+24100000470,2018-04-26,Licence,4,Tech
471,Cand471,Pr471,cand471@mail.com,+24100000471,2010-04-27,BTS,17,RH
472,Cand472,Pr472,cand472@mail.com,+24100000472,2013-01-12,Doctorat,1,Commercial
473,Cand473,Pr473,cand473@mail.com,+24100000473,1997-09-29,Master,8,Commercial
474,Cand474,Pr474,cand474@mail.com,+24100000474,1999-03-12,Licence,4,Tech
475,Cand475,Pr475,cand475@mail.com,+24100000475,2006-01-18,BTS,2,RH
476,Cand476,Pr476,cand476@mail.com,+24100000476,2012-03-24,Master,8,RH
477,Cand477,Pr477,cand477@mail.com,+24100000477,2014-10-13,Master,10,Finance
478,Cand478,Pr478,cand478@mail.com,+24100000478,1980-09-24,Master,3,Finance
479,Cand479,Pr479,cand479@mail.com,+24100000479,2007-04-02,Licence,1,Finance
480,Cand480,Pr480,cand480@mail.com,+24100000480,1984-06-25,Master,2,Commercial
481,Cand481,Pr481,cand481@mail.com,+24100000481,1991-10-28,Licence,13,Commercial
482,Cand482,Pr482,cand482@mail.com,+24100000482,2014-01-23,Licence,17,RH
483,Cand483,Pr483,cand483@mail.com,+24100000483,1990-04-15,Master,3,Commercial
484,Cand484,Pr484,cand484@mail.com,+24100000484,2012-09-21,Licence,6,RH
485,Cand485,Pr485,cand485@mail.com,+24100000485,1999-01-06,Master,6,Finance
486,Cand486,Pr486,cand486@mail.com,+24100000486,1989-07-21,BTS,7,IT
487,Cand487,Pr487,cand487@mail.com,+24100000487,1993-09-22,Licence,4,RH
488,Cand488,Pr488,cand488@mail.com,+24100000488,2001-10-18,Licence,1,Tech
489,Cand489,Pr489,cand489@mail.com,+24100000489,2011-06-04,Licence,10,Finance
490,Cand490,Pr490,cand490@mail.com,+24100000490,2004-11-20,Doctorat,7,Commercial
491,Cand491,Pr491,cand491@mail.com,+24100000491,2018-04-29,Master,6,IT
492,Cand492,Pr492,cand492@mail.com,+24100000492,2015-08-21,Master,5,Commercial
493,Cand493,Pr493,cand493@mail.com,+24100000493,2010-12-09,Licence,18,RH
494,Cand494,Pr494,cand494@mail.com,+24100000494,2004-10-07,Master,12,Commercial
495,Cand495,Pr495,cand495@mail.com,+24100000495,1991-11-26,Master,8,Tech
496,Cand496,Pr496,cand496@mail.com,+24100000496,1996-12-10,Master,4,Finance
497,Cand497,Pr497,cand497@mail.com,+24100000497,1984-11-18,Doctorat,16,IT
498,Cand498,Pr498,cand498@mail.com,+24100000498,1995-05-14,BTS,17,Finance
499,Cand499,Pr499,cand499@mail.com,+24100000499,2018-01-18,Master,0,IT
500,Cand500,Pr500,cand500@mail.com,+24100000500,1997-06-28,BTS,18,Finance
501,Cand501,Pr501,cand501@mail.com,+24100000501,1984-09-01,Doctorat,13,IT
502,Cand502,Pr502,cand502@mail.com,+24100000502,2006-10-09,Master,1,Commercial
503,Cand503,Pr503,cand503@mail.com,+24100000503,2019-07-14,Licence,15,RH
504,Cand504,Pr504,cand504@mail.com,+24100000504,2015-08-17,Master,2,RH
505,Cand505,Pr505,cand505@mail.com,+24100000505,1991-04-04,Doctorat,1,IT
506,Cand506,Pr506,cand506@mail.com,+24100000506,1998-08-22,Licence,2,Tech
507,Cand507,Pr507,cand507@mail.com,+24100000507,2001-10-22,BTS,9,Tech
508,Cand508,Pr508,cand508@mail.com,+24100000508,1990-03-06,Master,12,Tech
509,Cand509,Pr509,cand509@mail.com,+24100000509,1991-01-13,BTS,8,IT
510,Cand510,Pr510,cand510@mail.com,+24100000510,1989-09-19,Doctorat,2,RH
511,Cand511,Pr511,cand511@mail.com,+24100000511,2020-11-04,Master,3,Tech
512,Cand512,Pr512,cand512@mail.com,+24100000512,2010-08-21,Licence,17,Finance
513,Cand513,Pr513,cand513@mail.com,+24100000513,2014-07-13,Doctorat,19,IT
514,Cand514,Pr514,cand514@mail.com,+24100000514,2013-07-14,Master,15,IT
515,Cand515,Pr515,cand515@mail.com,+24100000515,2019-05-23,Licence,2,RH
516,Cand516,Pr516,cand516@mail.com,+24100000516,1984-04-28,BTS,16,Tech
517,Cand517,Pr517,cand517@mail.com,+24100000517,2016-03-16,Master,13,IT
518,Cand518,Pr518,cand518@mail.com,+24100000518,1982-09-25,Licence,10,Tech
519,Cand519,Pr519,cand519@mail.com,+24100000519,1999-07-11,Master,2,Commercial
520,Cand520,Pr520,cand520@mail.com,+24100000520,2004-05-30,Master,19,Tech
521,Cand521,Pr521,cand521@mail.com,+24100000521,1994-09-11,BTS,8,Tech
522,Cand522,Pr522,cand522@mail.com,+24100000522,1986-01-01,Doctorat,0,RH
523,Cand523,Pr523,cand523@mail.com,+24100000523,1987-11-24,Licence,4,Tech
524,Cand524,Pr524,cand524@mail.com,+24100000524,2013-11-12,Licence,8,IT
525,Cand525,Pr525,cand525@mail.com,+24100000525,1993-02-01,Doctorat,1,RH
526,Cand526,Pr526,cand526@mail.com,+24100000526,1992-09-29,Licence,6,RH
527,Cand527,Pr527,cand527@mail.com,+24100000527,2017-12-02,Master,9,IT
528,Cand528,Pr528,cand528@mail.com,+24100000528,1985-11-28,Licence,18,IT
529,Cand529,Pr529,cand529@mail.com,+24100000529,2017-08-03,Licence,1,IT
530,Cand530,Pr530,cand530@mail.com,+24100000530,2017-10-27,BTS,11,IT
531,Cand531,Pr531,cand531@mail.com,+24100000531,2004-07-31,Licence,18,RH
532,Cand532,Pr532,cand532@mail.com,+24100000532,1986-10-18,Licence,16,IT
533,Cand533,Pr533,cand533@mail.com,+24100000533,1986-05-26,BTS,18,IT
534,Cand534,Pr534,cand534@mail.com,+24100000534,1991-09-10,Licence,3,Tech
535,Cand535,Pr535,cand535@mail.com,+24100000535,2003-09-18,BTS,16,IT
536,Cand536,Pr536,cand536@mail.com,+24100000536,1986-04-23,Licence,19,IT
537,Cand537,Pr537,cand537@mail.com,+24100000537,1998-09-17,Licence,6,IT
538,Cand538,Pr538,cand538@mail.com,+24100000538,1984-09-28,Licence,9,IT
539,Cand539,Pr539,cand539@mail.com,+24100000539,2002-03-10,Doctorat,10,Finance
540,Cand540,Pr540,cand540@mail.com,+24100000540,1980-11-13,Doctorat,9,Tech
541,Cand541,Pr541,cand541@mail.com,+24100000541,2009-02-12,Master,5,Commercial
542,Cand542,Pr542,cand542@mail.com,+24100000542,1982-04-10,Licence,19,Finance
543,Cand543,Pr543,cand543@mail.com,+24100000543,1988-01-01,Licence,19,IT
544,Cand544,Pr544,cand544@mail.com,+24100000544,1987-03-04,Doctorat,7,Commercial
545,Cand545,Pr545,cand545@mail.com,+24100000545,2014-02-15,Licence,16,IT
546,Cand546,Pr546,cand546@mail.com,+24100000546,1982-03-11,Doctorat,7,Commercial
547,Cand547,Pr547,cand547@mail.com,+24100000547,1997-08-17,Doctorat,15,Finance
548,Cand548,Pr548,cand548@mail.com,+24100000548,2004-04-11,BTS,11,Tech
549,Cand549,Pr549,cand549@mail.com,+24100000549,2001-03-10,Master,9,RH
550,Cand550,Pr550,cand550@mail.com,+24100000550,2007-12-15,Licence,2,Commercial
551,Cand551,Pr551,cand551@mail.com,+24100000551,2012-12-24,Master,13,Finance
552,Cand552,Pr552,cand552@mail.com,+24100000552,1996-03-01,BTS,6,Finance
553,Cand553,Pr553,cand553@mail.com,+24100000553,2014-01-05,Doctorat,4,Tech
554,Cand554,Pr554,cand554@mail.com,+24100000554,1993-01-21,Doctorat,3,Commercial
555,Cand555,Pr555,cand555@mail.com,+24100000555,2020-06-05,Master,19,Finance
556,Cand556,Pr556,cand556@mail.com,+24100000556,2000-09-19,Licence,2,Finance
557,Cand557,Pr557,cand557@mail.com,+24100000557,2010-03-24,BTS,15,Commercial
558,Cand558,Pr558,cand558@mail.com,+24100000558,2015-12-08,BTS,17,RH
559,Cand559,Pr559,cand559@mail.com,+24100000559,2012-07-20,BTS,0,IT
560,Cand560,Pr560,cand560@mail.com,+24100000560,2014-12-14,BTS,11,Finance
561,Cand561,Pr561,cand561@mail.com,+24100000561,2002-01-12,Master,11,IT
562,Cand562,Pr562,cand562@mail.com,+24100000562,1981-10-14,Master,7,IT
563,Cand563,Pr563,cand563@mail.com,+24100000563,2000-04-01,Licence,13,Finance
564,Cand564,Pr564,cand564@mail.com,+24100000564,1987-06-15,BTS,8,Commercial
565,Cand565,Pr565,cand565@mail.com,+24100000565,2016-07-06,Doctorat,8,Commercial
566,Cand566,Pr566,cand566@mail.com,+24100000566,1989-09-21,Master,8,RH
567,Cand567,Pr567,cand567@mail.com,+24100000567,1989-05-14,BTS,16,Finance
568,Cand568,Pr568,cand568@mail.com,+24100000568,1990-03-29,Doctorat,12,IT
569,Cand569,Pr569,cand569@mail.com,+24100000569,2006-05-22,BTS,7,Commercial
570,Cand570,Pr570,cand570@mail.com,+24100000570,2003-06-17,BTS,18,RH
571,Cand571,Pr571,cand571@mail.com,+24100000571,2018-12-19,Licence,16,Commercial
572,Cand572,Pr572,cand572@mail.com,+24100000572,1997-02-03,Master,18,Tech
573,Cand573,Pr573,cand573@mail.com,+24100000573,1991-08-05,Doctorat,14,Commercial
574,Cand574,Pr574,cand574@mail.com,+24100000574,1982-01-08,BTS,7,RH
575,Cand575,Pr575,cand575@mail.com,+24100000575,1980-04-16,Licence,15,Tech
576,Cand576,Pr576,cand576@mail.com,+24100000576,1995-05-06,Master,6,Commercial
577,Cand577,Pr577,cand577@mail.com,+24100000577,2018-01-08,Doctorat,5,Commercial
578,Cand578,Pr578,cand578@mail.com,+24100000578,2001-07-05,BTS,9,Tech
579,Cand579,Pr579,cand579@mail.com,+24100000579,2016-09-11,Licence,19,Tech
580,Cand580,Pr580,cand580@mail.com,+24100000580,1984-03-05,Doctorat,11,IT
581,Cand581,Pr581,cand581@mail.com,+24100000581,1983-10-31,Master,7,Tech
582,Cand582,Pr582,cand582@mail.com,+24100000582,2014-03-24,Licence,9,Commercial
583,Cand583,Pr583,cand583@mail.com,+24100000583,1984-05-20,Doctorat,5,RH
584,Cand584,Pr584,cand584@mail.com,+24100000584,1982-02-18,Master,13,RH
585,Cand585,Pr585,cand585@mail.com,+24100000585,1996-08-05,Doctorat,7,Commercial
586,Cand586,Pr586,cand586@mail.com,+24100000586,2017-12-24,Master,11,RH
587,Cand587,Pr587,cand587@mail.com,+24100000587,2008-04-23,BTS,7,Finance
588,Cand588,Pr588,cand588@mail.com,+24100000588,1984-01-26,Licence,6,Commercial
589,Cand589,Pr589,cand589@mail.com,+24100000589,2014-05-18,BTS,19,Commercial
590,Cand590,Pr590,cand590@mail.com,+24100000590,2014-08-23,Licence,6,Tech
591,Cand591,Pr591,cand591@mail.com,+24100000591,2012-11-18,Doctorat,1,IT
592,Cand592,Pr592,cand592@mail.com,+24100000592,2017-01-25,Master,7,RH
593,Cand593,Pr593,cand593@mail.com,+24100000593,1989-11-07,Master,10,Tech
594,Cand594,Pr594,cand594@mail.com,+24100000594,2020-03-24,Licence,1,Finance
595,Cand595,Pr595,cand595@mail.com,+24100000595,1993-03-03,Doctorat,6,RH
596,Cand596,Pr596,cand596@mail.com,+24100000596,2012-12-08,Licence,3,RH
597,Cand597,Pr597,cand597@mail.com,+24100000597,2003-10-17,Doctorat,10,RH
598,Cand598,Pr598,cand598@mail.com,+24100000598,2012-01-05,Doctorat,14,Finance
599,Cand599,Pr599,cand599@mail.com,+24100000599,2005-10-13,BTS,19,RH
600,Cand600,Pr600,cand600@mail.com,+24100000600,2006-05-21,Doctorat,7,Commercial
601,Cand601,Pr601,cand601@mail.com,+24100000601,2005-04-23,Master,17,Finance
602,Cand602,Pr602,cand602@mail.com,+24100000602,2011-12-28,Doctorat,4,Commercial
603,Cand603,Pr603,cand603@mail.com,+24100000603,2010-05-08,BTS,15,IT
604,Cand604,Pr604,cand604@mail.com,+24100000604,1985-07-11,Master,11,Commercial
605,Cand605,Pr605,cand605@mail.com,+24100000605,2013-12-03,Licence,15,Tech
606,Cand606,Pr606,cand606@mail.com,+24100000606,2002-01-06,BTS,15,IT
607,Cand607,Pr607,cand607@mail.com,+24100000607,1993-04-08,Licence,10,RH
608,Cand608,Pr608,cand608@mail.com,+24100000608,2001-02-12,Doctorat,5,Commercial
609,Cand609,Pr609,cand609@mail.com,+24100000609,2019-09-17,Licence,10,Commercial
610,Cand610,Pr610,cand610@mail.com,+24100000610,2015-03-21,Licence,16,Commercial
611,Cand611,Pr611,cand611@mail.com,+24100000611,2014-03-28,BTS,19,Finance
612,Cand612,Pr612,cand612@mail.com,+24100000612,1999-01-02,Licence,18,Commercial
613,Cand613,Pr613,cand613@mail.com,+24100000613,2012-03-15,Doctorat,3,Commercial
614,Cand614,Pr614,cand614@mail.com,+24100000614,1995-10-25,Doctorat,11,IT
615,Cand615,Pr615,cand615@mail.com,+24100000615,2008-03-06,Licence,2,Commercial
616,Cand616,Pr616,cand616@mail.com,+24100000616,2006-04-07,Licence,13,Finance
617,Cand617,Pr617,cand617@mail.com,+24100000617,1990-04-04,BTS,19,IT
618,Cand618,Pr618,cand618@mail.com,+24100000618,1990-12-10,Doctorat,1,Finance
619,Cand619,Pr619,cand619@mail.com,+24100000619,1982-07-05,Licence,13,Finance
620,Cand620,Pr620,cand620@mail.com,+24100000620,1985-09-27,BTS,18,IT
621,Cand621,Pr621,cand621@mail.com,+24100000621,1997-10-22,Master,16,Tech
622,Cand622,Pr622,cand622@mail.com,+24100000622,1999-08-17,Licence,7,RH
623,Cand623,Pr623,cand623@mail.com,+24100000623,1986-10-12,BTS,2,RH
624,Cand624,Pr624,cand624@mail.com,+24100000624,1997-02-13,Licence,18,Finance
625,Cand625,Pr625,cand625@mail.com,+24100000625,2004-10-23,Doctorat,18,Tech
626,Cand626,Pr626,cand626@mail.com,+24100000626,1989-07-20,BTS,11,Commercial
627,Cand627,Pr627,cand627@mail.com,+24100000627,1993-11-21,Doctorat,19,Commercial
628,Cand628,Pr628,cand628@mail.com,+24100000628,1995-02-03,Doctorat,0,RH
629,Cand629,Pr629,cand629@mail.com,+24100000629,2000-09-27,Master,12,Tech
630,Cand630,Pr630,cand630@mail.com,+24100000630,1995-01-17,Licence,0,Tech
631,Cand631,Pr631,cand631@mail.com,+24100000631,2010-04-07,Doctorat,18,Finance
632,Cand632,Pr632,cand632@mail.com,+24100000632,1993-06-13,BTS,13,Finance
633,Cand633,Pr633,cand633@mail.com,+24100000633,1997-10-26,Licence,18,IT
634,Cand634,Pr634,cand634@mail.com,+24100000634,1995-08-01,BTS,11,Commercial
635,Cand635,Pr635,cand635@mail.com,+24100000635,1987-07-06,Master,1,Tech
636,Cand636,Pr636,cand636@mail.com,+24100000636,2008-02-29,Doctorat,0,Finance
637,Cand637,Pr637,cand637@mail.com,+24100000637,1989-09-01,Licence,6,Finance
638,Cand638,Pr638,cand638@mail.com,+24100000638,1992-03-11,Doctorat,14,Finance
639,Cand639,Pr639,cand639@mail.com,+24100000639,2012-07-22,Licence,3,IT
640,Cand640,Pr640,cand640@mail.com,+24100000640,2018-12-19,Master,17,Commercial
641,Cand641,Pr641,cand641@mail.com,+24100000641,2007-07-20,Doctorat,4,Commercial
642,Cand642,Pr642,cand642@mail.com,+24100000642,2017-08-19,Licence,9,Tech
643,Cand643,Pr643,cand643@mail.com,+24100000643,2015-01-29,Master,4,Tech
644,Cand644,Pr644,cand644@mail.com,+24100000644,1999-10-01,Doctorat,9,Finance
645,Cand645,Pr645,cand645@mail.com,+24100000645,2011-08-20,Licence,9,Tech
646,Cand646,Pr646,cand646@mail.com,+24100000646,1993-06-26,Master,0,Finance
647,Cand647,Pr647,cand647@mail.com,+24100000647,1998-11-29,Master,11,Commercial
648,Cand648,Pr648,cand648@mail.com,+24100000648,2001-12-27,Doctorat,15,Commercial
649,Cand649,Pr649,cand649@mail.com,+24100000649,2019-06-12,BTS,18,Tech
650,Cand650,Pr650,cand650@mail.com,+24100000650,2014-11-06,BTS,6,Commercial
651,Cand651,Pr651,cand651@mail.com,+24100000651,2000-02-03,Licence,17,IT
652,Cand652,Pr652,cand652@mail.com,+24100000652,2006-10-19,Licence,17,IT
653,Cand653,Pr653,cand653@mail.com,+24100000653,1988-04-23,Licence,19,Finance
654,Cand654,Pr654,cand654@mail.com,+24100000654,2013-01-12,Doctorat,7,Finance
655,Cand655,Pr655,cand655@mail.com,+24100000655,2002-09-17,Licence,17,Commercial
656,Cand656,Pr656,cand656@mail.com,+24100000656,2001-11-16,Licence,11,Finance
657,Cand657,Pr657,cand657@mail.com,+24100000657,2011-06-21,BTS,1,Finance
658,Cand658,Pr658,cand658@mail.com,+24100000658,2005-12-28,BTS,5,Tech
659,Cand659,Pr659,cand659@mail.com,+24100000659,1982-12-23,BTS,13,RH
660,Cand660,Pr660,cand660@mail.com,+24100000660,1991-11-01,Master,3,Finance
661,Cand661,Pr661,cand661@mail.com,+24100000661,1987-04-04,Doctorat,8,Finance
662,Cand662,Pr662,cand662@mail.com,+24100000662,2010-03-07,Doctorat,15,Finance
663,Cand663,Pr663,cand663@mail.com,+24100000663,1981-06-11,Licence,2,Tech
664,Cand664,Pr664,cand664@mail.com,+24100000664,1988-04-24,Doctorat,9,Tech
665,Cand665,Pr665,cand665@mail.com,+24100000665,2004-07-14,Doctorat,4,Finance
666,Cand666,Pr666,cand666@mail.com,+24100000666,2008-07-13,Master,10,Finance
667,Cand667,Pr667,cand667@mail.com,+24100000667,2000-09-01,BTS,4,Finance
668,Cand668,Pr668,cand668@mail.com,+24100000668,2015-05-07,Doctorat,19,IT
669,Cand669,Pr669,cand669@mail.com,+24100000669,2017-09-27,Doctorat,1,Finance
670,Cand670,Pr670,cand670@mail.com,+24100000670,1985-06-04,Doctorat,19,RH
671,Cand671,Pr671,cand671@mail.com,+24100000671,2019-02-12,BTS,15,IT
672,Cand672,Pr672,cand672@mail.com,+24100000672,2005-03-25,Doctorat,17,IT
673,Cand673,Pr673,cand673@mail.com,+24100000673,2006-02-16,Master,17,Finance
674,Cand674,Pr674,cand674@mail.com,+24100000674,1983-11-27,BTS,3,IT
675,Cand675,Pr675,cand675@mail.com,+24100000675,2005-07-16,Doctorat,18,Commercial
676,Cand676,Pr676,cand676@mail.com,+24100000676,2009-10-20,BTS,11,Finance
677,Cand677,Pr677,cand677@mail.com,+24100000677,2003-11-07,Licence,19,RH
678,Cand678,Pr678,cand678@mail.com,+24100000678,1983-06-21,Master,17,Commercial
679,Cand679,Pr679,cand679@mail.com,+24100000679,2001-06-27,BTS,11,Finance
680,Cand680,Pr680,cand680@mail.com,+24100000680,2018-06-09,Doctorat,7,Commercial
681,Cand681,Pr681,cand681@mail.com,+24100000681,2009-09-16,BTS,2,Commercial
682,Cand682,Pr682,cand682@mail.com,+24100000682,1985-08-23,Licence,2,IT
683,Cand683,Pr683,cand683@mail.com,+24100000683,2019-06-04,Licence,7,RH
684,Cand684,Pr684,cand684@mail.com,+24100000684,2019-05-19,BTS,16,Finance
685,Cand685,Pr685,cand685@mail.com,+24100000685,1986-12-15,Master,10,Tech
686,Cand686,Pr686,cand686@mail.com,+24100000686,2012-11-21,Doctorat,9,IT
687,Cand687,Pr687,cand687@mail.com,+24100000687,1996-09-13,Master,4,IT
688,Cand688,Pr688,cand688@mail.com,+24100000688,2004-05-19,Master,11,Tech
689,Cand689,Pr689,cand689@mail.com,+24100000689,1998-04-13,BTS,12,Tech
690,Cand690,Pr690,cand690@mail.com,+24100000690,2012-02-21,Licence,19,IT
691,Cand691,Pr691,cand691@mail.com,+24100000691,2020-12-05,BTS,14,Finance
692,Cand692,Pr692,cand692@mail.com,+24100000692,2012-08-26,BTS,12,Commercial
693,Cand693,Pr693,cand693@mail.com,+24100000693,2018-04-01,Doctorat,18,IT
694,Cand694,Pr694,cand694@mail.com,+24100000694,2018-11-07,Master,8,RH
695,Cand695,Pr695,cand695@mail.com,+24100000695,1983-09-13,Licence,18,RH
696,Cand696,Pr696,cand696@mail.com,+24100000696,1990-05-28,Doctorat,7,Commercial
697,Cand697,Pr697,cand697@mail.com,+24100000697,2009-08-23,Master,2,RH
698,Cand698,Pr698,cand698@mail.com,+24100000698,2004-03-26,Licence,8,Finance
699,Cand699,Pr699,cand699@mail.com,+24100000699,1982-01-22,Master,2,RH
700,Cand700,Pr700,cand700@mail.com,+24100000700,1983-11-26,BTS,2,Commercial
701,Cand701,Pr701,cand701@mail.com,+24100000701,2001-05-18,Master,17,IT
702,Cand702,Pr702,cand702@mail.com,+24100000702,2005-04-21,Licence,15,RH
703,Cand703,Pr703,cand703@mail.com,+24100000703,1986-11-20,Doctorat,4,RH
704,Cand704,Pr704,cand704@mail.com,+24100000704,1987-01-13,Licence,16,Tech
705,Cand705,Pr705,cand705@mail.com,+24100000705,1985-04-24,BTS,1,Tech
706,Cand706,Pr706,cand706@mail.com,+24100000706,2003-03-15,BTS,5,Finance
707,Cand707,Pr707,cand707@mail.com,+24100000707,1980-04-27,BTS,14,IT
708,Cand708,Pr708,cand708@mail.com,+24100000708,2003-07-05,BTS,6,Commercial
709,Cand709,Pr709,cand709@mail.com,+24100000709,1999-07-18,Licence,14,Finance
710,Cand710,Pr710,cand710@mail.com,+24100000710,1999-02-19,Licence,17,Tech
711,Cand711,Pr711,cand711@mail.com,+24100000711,2007-11-24,Master,1,RH
712,Cand712,Pr712,cand712@mail.com,+24100000712,2001-06-18,Master,0,Tech
713,Cand713,Pr713,cand713@mail.com,+24100000713,2009-11-20,BTS,18,Tech
714,Cand714,Pr714,cand714@mail.com,+24100000714,2011-05-16,Doctorat,10,RH
715,Cand715,Pr715,cand715@mail.com,+24100000715,2017-10-14,Doctorat,10,Commercial
716,Cand716,Pr716,cand716@mail.com,+24100000716,2012-10-27,BTS,9,RH
717,Cand717,Pr717,cand717@mail.com,+24100000717,2001-04-05,Doctorat,8,RH
718,Cand718,Pr718,cand718@mail.com,+24100000718,2000-03-18,Master,13,RH
719,Cand719,Pr719,cand719@mail.com,+24100000719,1989-09-05,Master,11,Commercial
720,Cand720,Pr720,cand720@mail.com,+24100000720,2004-08-15,Doctorat,3,RH
721,Cand721,Pr721,cand721@mail.com,+24100000721,1985-09-18,Licence,12,Commercial
722,Cand722,Pr722,cand722@mail.com,+24100000722,2018-03-30,Doctorat,13,Finance
723,Cand723,Pr723,cand723@mail.com,+24100000723,2014-09-14,Doctorat,2,Commercial
724,Cand724,Pr724,cand724@mail.com,+24100000724,1984-12-01,Doctorat,7,Tech
725,Cand725,Pr725,cand725@mail.com,+24100000725,2012-04-11,Doctorat,15,IT
726,Cand726,Pr726,cand726@mail.com,+24100000726,1984-10-22,BTS,12,Tech
727,Cand727,Pr727,cand727@mail.com,+24100000727,2009-08-14,BTS,2,IT
728,Cand728,Pr728,cand728@mail.com,+24100000728,1983-08-08,Doctorat,0,Finance
729,Cand729,Pr729,cand729@mail.com,+24100000729,2000-01-18,Master,11,RH
730,Cand730,Pr730,cand730@mail.com,+24100000730,2007-01-06,Licence,9,Commercial
731,Cand731,Pr731,cand731@mail.com,+24100000731,2009-12-06,BTS,19,Commercial
732,Cand732,Pr732,cand732@mail.com,+24100000732,1997-03-11,BTS,10,Tech
733,Cand733,Pr733,cand733@mail.com,+24100000733,2017-11-06,Doctorat,18,Finance
734,Cand734,Pr734,cand734@mail.com,+24100000734,2011-10-19,BTS,4,Tech
735,Cand735,Pr735,cand735@mail.com,+24100000735,1988-07-20,BTS,8,RH
736,Cand736,Pr736,cand736@mail.com,+24100000736,2007-07-26,BTS,2,RH
737,Cand737,Pr737,cand737@mail.com,+24100000737,2010-01-01,Doctorat,11,RH
738,Cand738,Pr738,cand738@mail.com,+24100000738,1993-09-13,Licence,3,Finance
739,Cand739,Pr739,cand739@mail.com,+24100000739,2010-04-26,Licence,9,Commercial
740,Cand740,Pr740,cand740@mail.com,+24100000740,2016-11-22,Licence,6,Tech
741,Cand741,Pr741,cand741@mail.com,+24100000741,2013-07-22,Master,3,RH
742,Cand742,Pr742,cand742@mail.com,+24100000742,2011-04-25,Doctorat,1,RH
743,Cand743,Pr743,cand743@mail.com,+24100000743,2006-01-21,Master,10,Tech
744,Cand744,Pr744,cand744@mail.com,+24100000744,1991-02-10,Licence,18,Finance
745,Cand745,Pr745,cand745@mail.com,+24100000745,2012-08-28,Licence,3,RH
746,Cand746,Pr746,cand746@mail.com,+24100000746,1994-12-15,BTS,8,Tech
747,Cand747,Pr747,cand747@mail.com,+24100000747,2001-11-08,BTS,4,Finance
748,Cand748,Pr748,cand748@mail.com,+24100000748,1992-11-29,Master,16,Tech
749,Cand749,Pr749,cand749@mail.com,+24100000749,1992-11-08,BTS,8,Tech
750,Cand750,Pr750,cand750@mail.com,+24100000750,1986-06-22,Doctorat,19,Tech
751,Cand751,Pr751,cand751@mail.com,+24100000751,2019-06-24,BTS,4,Finance
752,Cand752,Pr752,cand752@mail.com,+24100000752,1986-01-25,BTS,1,Commercial
753,Cand753,Pr753,cand753@mail.com,+24100000753,1983-07-17,Doctorat,11,Tech
754,Cand754,Pr754,cand754@mail.com,+24100000754,2018-06-11,Master,13,RH
755,Cand755,Pr755,cand755@mail.com,+24100000755,2002-10-17,Doctorat,19,IT
756,Cand756,Pr756,cand756@mail.com,+24100000756,1997-12-25,Master,17,RH
757,Cand757,Pr757,cand757@mail.com,+24100000757,2010-04-15,Master,17,Commercial
758,Cand758,Pr758,cand758@mail.com,+24100000758,1995-09-28,Doctorat,12,Finance
759,Cand759,Pr759,cand759@mail.com,+24100000759,1985-04-02,Doctorat,7,IT
760,Cand760,Pr760,cand760@mail.com,+24100000760,2009-12-19,Doctorat,8,Finance
761,Cand761,Pr761,cand761@mail.com,+24100000761,1987-03-24,Master,2,IT
762,Cand762,Pr762,cand762@mail.com,+24100000762,2002-09-16,Master,8,Finance
763,Cand763,Pr763,cand763@mail.com,+24100000763,2018-12-22,Licence,7,Finance
764,Cand764,Pr764,cand764@mail.com,+24100000764,2018-06-12,Doctorat,0,Commercial
765,Cand765,Pr765,cand765@mail.com,+24100000765,1994-10-25,Doctorat,4,Finance
766,Cand766,Pr766,cand766@mail.com,+24100000766,2012-01-17,BTS,10,Finance
767,Cand767,Pr767,cand767@mail.com,+24100000767,2005-02-28,Doctorat,7,Commercial
768,Cand768,Pr768,cand768@mail.com,+24100000768,1999-09-08,Master,19,Commercial
769,Cand769,Pr769,cand769@mail.com,+24100000769,1985-09-29,Licence,9,Tech
770,Cand770,Pr770,cand770@mail.com,+24100000770,1995-06-16,Licence,19,RH
771,Cand771,Pr771,cand771@mail.com,+24100000771,2006-10-09,Master,13,Finance
772,Cand772,Pr772,cand772@mail.com,+24100000772,2020-07-08,Master,0,RH
773,Cand773,Pr773,cand773@mail.com,+24100000773,1980-03-14,Master,4,Finance
774,Cand774,Pr774,cand774@mail.com,+24100000774,2009-06-23,Master,14,IT
775,Cand775,Pr775,cand775@mail.com,+24100000775,2014-10-04,BTS,10,Finance
776,Cand776,Pr776,cand776@mail.com,+24100000776,2019-01-23,Licence,6,IT
777,Cand777,Pr777,cand777@mail.com,+24100000777,1997-05-28,Master,10,Finance
778,Cand778,Pr778,cand778@mail.com,+24100000778,1984-11-12,Licence,18,Tech
779,Cand779,Pr779,cand779@mail.com,+24100000779,1991-02-16,Master,7,Tech
780,Cand780,Pr780,cand780@mail.com,+24100000780,2014-12-06,Doctorat,0,Finance
781,Cand781,Pr781,cand781@mail.com,+24100000781,2016-01-21,Licence,6,IT
782,Cand782,Pr782,cand782@mail.com,+24100000782,2006-03-01,Master,18,RH
783,Cand783,Pr783,cand783@mail.com,+24100000783,1985-01-15,Licence,15,IT
784,Cand784,Pr784,cand784@mail.com,+24100000784,1985-01-02,BTS,16,Commercial
785,Cand785,Pr785,cand785@mail.com,+24100000785,1999-08-21,Doctorat,18,Tech
786,Cand786,Pr786,cand786@mail.com,+24100000786,2004-02-27,Licence,2,Finance
787,Cand787,Pr787,cand787@mail.com,+24100000787,1981-04-30,Licence,5,IT
788,Cand788,Pr788,cand788@mail.com,+24100000788,2008-03-05,Licence,1,IT
789,Cand789,Pr789,cand789@mail.com,+24100000789,2002-05-12,Master,0,Tech
790,Cand790,Pr790,cand790@mail.com,+24100000790,1980-07-03,BTS,16,RH
791,Cand791,Pr791,cand791@mail.com,+24100000791,1983-12-06,Doctorat,18,IT
792,Cand792,Pr792,cand792@mail.com,+24100000792,1998-08-28,BTS,3,IT
793,Cand793,Pr793,cand793@mail.com,+24100000793,2009-09-03,Master,14,RH
794,Cand794,Pr794,cand794@mail.com,+24100000794,2013-11-23,Master,10,Commercial
795,Cand795,Pr795,cand795@mail.com,+24100000795,1997-09-17,Master,1,Tech
796,Cand796,Pr796,cand796@mail.com,+24100000796,1992-02-17,Licence,18,RH
797,Cand797,Pr797,cand797@mail.com,+24100000797,2019-10-07,BTS,17,Commercial
798,Cand798,Pr798,cand798@mail.com,+24100000798,1998-10-31,Licence,11,IT
799,Cand799,Pr799,cand799@mail.com,+24100000799,1992-12-13,Master,14,IT
800,Cand800,Pr800,cand800@mail.com,+24100000800,1998-03-01,Doctorat,7,IT
801,Cand801,Pr801,cand801@mail.com,+24100000801,1980-06-30,Licence,15,Tech
802,Cand802,Pr802,cand802@mail.com,+24100000802,1992-05-25,Master,8,Finance
803,Cand803,Pr803,cand803@mail.com,+24100000803,2001-03-04,Master,19,Tech
804,Cand804,Pr804,cand804@mail.com,+24100000804,2017-09-19,Master,1,IT
805,Cand805,Pr805,cand805@mail.com,+24100000805,2010-04-26,Licence,3,IT
806,Cand806,Pr806,cand806@mail.com,+24100000806,2012-02-01,Licence,19,Tech
807,Cand807,Pr807,cand807@mail.com,+24100000807,2002-05-18,Licence,5,IT
808,Cand808,Pr808,cand808@mail.com,+24100000808,1984-07-16,Master,6,IT
809,Cand809,Pr809,cand809@mail.com,+24100000809,1996-01-20,Licence,15,Finance
810,Cand810,Pr810,cand810@mail.com,+24100000810,2020-12-11,BTS,3,Commercial
811,Cand811,Pr811,cand811@mail.com,+24100000811,1981-10-24,Licence,10,RH
812,Cand812,Pr812,cand812@mail.com,+24100000812,2016-02-09,Doctorat,5,Finance
813,Cand813,Pr813,cand813@mail.com,+24100000813,2008-02-10,Doctorat,3,Commercial
814,Cand814,Pr814,cand814@mail.com,+24100000814,1991-08-29,Master,19,Finance
815,Cand815,Pr815,cand815@mail.com,+24100000815,2011-12-13,BTS,3,RH
816,Cand816,Pr816,cand816@mail.com,+24100000816,2014-05-15,Licence,1,IT
817,Cand817,Pr817,cand817@mail.com,+24100000817,1981-10-10,Licence,13,Finance
818,Cand818,Pr818,cand818@mail.com,+24100000818,1984-05-15,Master,17,Tech
819,Cand819,Pr819,cand819@mail.com,+24100000819,2007-05-05,Licence,2,Commercial
820,Cand820,Pr820,cand820@mail.com,+24100000820,2021-01-11,Master,14,Tech
821,Cand821,Pr821,cand821@mail.com,+24100000821,1980-12-25,Master,10,IT
822,Cand822,Pr822,cand822@mail.com,+24100000822,2007-05-04,BTS,16,IT
823,Cand823,Pr823,cand823@mail.com,+24100000823,1985-08-09,Master,2,Finance
824,Cand824,Pr824,cand824@mail.com,+24100000824,2006-09-12,BTS,19,IT
825,Cand825,Pr825,cand825@mail.com,+24100000825,2005-08-06,BTS,12,Finance
826,Cand826,Pr826,cand826@mail.com,+24100000826,1983-09-18,BTS,16,Tech
827,Cand827,Pr827,cand827@mail.com,+24100000827,2007-12-15,Licence,7,RH
828,Cand828,Pr828,cand828@mail.com,+24100000828,2016-11-02,BTS,18,Finance
829,Cand829,Pr829,cand829@mail.com,+24100000829,2015-06-17,Doctorat,12,Commercial
830,Cand830,Pr830,cand830@mail.com,+24100000830,1981-03-10,BTS,2,IT
831,Cand831,Pr831,cand831@mail.com,+24100000831,1990-02-05,Master,18,Tech
832,Cand832,Pr832,cand832@mail.com,+24100000832,1989-11-21,BTS,15,RH
833,Cand833,Pr833,cand833@mail.com,+24100000833,1998-08-13,Doctorat,6,Tech
834,Cand834,Pr834,cand834@mail.com,+24100000834,1985-11-15,Licence,10,Commercial
835,Cand835,Pr835,cand835@mail.com,+24100000835,2015-02-01,Master,7,IT
836,Cand836,Pr836,cand836@mail.com,+24100000836,2011-11-25,Licence,10,Commercial
837,Cand837,Pr837,cand837@mail.com,+24100000837,2013-03-13,BTS,19,IT
838,Cand838,Pr838,cand838@mail.com,+24100000838,1988-02-21,Master,17,Finance
839,Cand839,Pr839,cand839@mail.com,+24100000839,1980-08-06,Licence,4,Tech
840,Cand840,Pr840,cand840@mail.com,+24100000840,2017-05-25,Doctorat,19,Tech
841,Cand841,Pr841,cand841@mail.com,+24100000841,1991-11-12,Master,8,Tech
842,Cand842,Pr842,cand842@mail.com,+24100000842,2006-12-14,Licence,14,Finance
843,Cand843,Pr843,cand843@mail.com,+24100000843,2017-05-07,BTS,15,Finance
844,Cand844,Pr844,cand844@mail.com,+24100000844,1981-06-26,BTS,9,RH
845,Cand845,Pr845,cand845@mail.com,+24100000845,1980-03-23,Doctorat,9,Tech
846,Cand846,Pr846,cand846@mail.com,+24100000846,1980-03-22,Doctorat,9,Finance
847,Cand847,Pr847,cand847@mail.com,+24100000847,1986-06-02,Master,17,Commercial
848,Cand848,Pr848,cand848@mail.com,+24100000848,1982-02-13,Doctorat,7,RH
849,Cand849,Pr849,cand849@mail.com,+24100000849,2013-09-03,Doctorat,5,Commercial
850,Cand850,Pr850,cand850@mail.com,+24100000850,2004-11-18,Licence,7,RH
851,Cand851,Pr851,cand851@mail.com,+24100000851,2020-03-31,Licence,3,Commercial
852,Cand852,Pr852,cand852@mail.com,+24100000852,2012-11-30,Master,7,IT
853,Cand853,Pr853,cand853@mail.com,+24100000853,2019-07-22,Master,2,IT
854,Cand854,Pr854,cand854@mail.com,+24100000854,1989-10-18,Licence,1,RH
855,Cand855,Pr855,cand855@mail.com,+24100000855,1991-10-26,Licence,14,Finance
856,Cand856,Pr856,cand856@mail.com,+24100000856,2014-11-19,BTS,1,Commercial
857,Cand857,Pr857,cand857@mail.com,+24100000857,1990-01-21,Master,11,RH
858,Cand858,Pr858,cand858@mail.com,+24100000858,1982-05-08,Doctorat,15,IT
859,Cand859,Pr859,cand859@mail.com,+24100000859,2007-06-24,Doctorat,14,RH
860,Cand860,Pr860,cand860@mail.com,+24100000860,2012-11-22,Doctorat,8,Finance
861,Cand861,Pr861,cand861@mail.com,+24100000861,2019-10-05,Doctorat,3,Finance
862,Cand862,Pr862,cand862@mail.com,+24100000862,2018-02-06,Master,18,Commercial
863,Cand863,Pr863,cand863@mail.com,+24100000863,1984-12-08,BTS,16,RH
864,Cand864,Pr864,cand864@mail.com,+24100000864,2011-09-16,Master,12,Commercial
865,Cand865,Pr865,cand865@mail.com,+24100000865,2014-09-30,BTS,1,Commercial
866,Cand866,Pr866,cand866@mail.com,+24100000866,2008-09-01,Master,0,Commercial
867,Cand867,Pr867,cand867@mail.com,+24100000867,2013-08-31,Licence,6,Finance
868,Cand868,Pr868,cand868@mail.com,+24100000868,2014-05-31,BTS,3,Tech
869,Cand869,Pr869,cand869@mail.com,+24100000869,1998-05-04,Licence,17,RH
870,Cand870,Pr870,cand870@mail.com,+24100000870,1981-08-25,BTS,4,Commercial
871,Cand871,Pr871,cand871@mail.com,+24100000871,1998-09-25,Licence,5,IT
872,Cand872,Pr872,cand872@mail.com,+24100000872,1988-04-14,Licence,19,IT
873,Cand873,Pr873,cand873@mail.com,+24100000873,1984-09-01,Doctorat,16,Tech
874,Cand874,Pr874,cand874@mail.com,+24100000874,1985-02-16,BTS,4,Finance
875,Cand875,Pr875,cand875@mail.com,+24100000875,2008-08-21,Master,7,Commercial
876,Cand876,Pr876,cand876@mail.com,+24100000876,2000-09-19,Licence,10,Commercial
877,Cand877,Pr877,cand877@mail.com,+24100000877,2002-03-03,Licence,13,Commercial
878,Cand878,Pr878,cand878@mail.com,+24100000878,2010-08-08,BTS,18,RH
879,Cand879,Pr879,cand879@mail.com,+24100000879,2002-07-08,Doctorat,17,IT
880,Cand880,Pr880,cand880@mail.com,+24100000880,2005-11-15,Licence,19,IT
881,Cand881,Pr881,cand881@mail.com,+24100000881,1983-07-14,Master,0,Tech
882,Cand882,Pr882,cand882@mail.com,+24100000882,2014-12-14,Master,4,RH
883,Cand883,Pr883,cand883@mail.com,+24100000883,1998-06-06,Licence,11,Finance
884,Cand884,Pr884,cand884@mail.com,+24100000884,1986-05-17,BTS,0,Finance
885,Cand885,Pr885,cand885@mail.com,+24100000885,2013-05-26,Doctorat,7,IT
886,Cand886,Pr886,cand886@mail.com,+24100000886,2010-03-03,Licence,3,Finance
887,Cand887,Pr887,cand887@mail.com,+24100000887,1982-03-06,Doctorat,18,IT
888,Cand888,Pr888,cand888@mail.com,+24100000888,1987-12-05,Master,1,IT
889,Cand889,Pr889,cand889@mail.com,+24100000889,1980-08-24,Licence,2,IT
890,Cand890,Pr890,cand890@mail.com,+24100000890,1991-02-13,Master,3,Tech
891,Cand891,Pr891,cand891@mail.com,+24100000891,1984-02-08,Licence,2,Finance
892,Cand892,Pr892,cand892@mail.com,+24100000892,2009-02-25,Licence,11,Tech
893,Cand893,Pr893,cand893@mail.com,+24100000893,2001-06-17,BTS,7,Finance
894,Cand894,Pr894,cand894@mail.com,+24100000894,2020-04-03,Doctorat,18,RH
895,Cand895,Pr895,cand895@mail.com,+24100000895,2010-10-11,Licence,5,Commercial
896,Cand896,Pr896,cand896@mail.com,+24100000896,2005-02-11,BTS,10,Tech
897,Cand897,Pr897,cand897@mail.com,+24100000897,2000-11-30,Doctorat,13,Finance
898,Cand898,Pr898,cand898@mail.com,+24100000898,1982-03-28,BTS,12,IT
899,Cand899,Pr899,cand899@mail.com,+24100000899,1982-11-19,Doctorat,15,RH
900,Cand900,Pr900,cand900@mail.com,+24100000900,2005-04-23,Master,4,Tech
901,Cand901,Pr901,cand901@mail.com,+24100000901,1980-03-06,Doctorat,10,Finance
902,Cand902,Pr902,cand902@mail.com,+24100000902,1981-09-27,Doctorat,16,Tech
903,Cand903,Pr903,cand903@mail.com,+24100000903,1988-12-31,Doctorat,17,Finance
904,Cand904,Pr904,cand904@mail.com,+24100000904,2016-04-23,Licence,12,IT
905,Cand905,Pr905,cand905@mail.com,+24100000905,1998-11-05,Master,13,Tech
906,Cand906,Pr906,cand906@mail.com,+24100000906,2009-02-20,Licence,17,Commercial
907,Cand907,Pr907,cand907@mail.com,+24100000907,1996-11-25,Master,12,Commercial
908,Cand908,Pr908,cand908@mail.com,+24100000908,1987-02-09,Licence,18,Tech
909,Cand909,Pr909,cand909@mail.com,+24100000909,1995-03-30,Licence,2,IT
910,Cand910,Pr910,cand910@mail.com,+24100000910,1983-10-07,BTS,6,Tech
911,Cand911,Pr911,cand911@mail.com,+24100000911,2011-08-19,Licence,2,RH
912,Cand912,Pr912,cand912@mail.com,+24100000912,1987-07-15,BTS,1,Tech
913,Cand913,Pr913,cand913@mail.com,+24100000913,1995-06-16,Licence,9,IT
914,Cand914,Pr914,cand914@mail.com,+24100000914,2020-03-31,BTS,4,Finance
915,Cand915,Pr915,cand915@mail.com,+24100000915,2004-04-23,Master,8,Commercial
916,Cand916,Pr916,cand916@mail.com,+24100000916,1998-10-31,Doctorat,8,IT
917,Cand917,Pr917,cand917@mail.com,+24100000917,2002-04-20,Master,12,IT
918,Cand918,Pr918,cand918@mail.com,+24100000918,2012-03-14,Master,18,Tech
919,Cand919,Pr919,cand919@mail.com,+24100000919,1990-06-14,Master,16,IT
920,Cand920,Pr920,cand920@mail.com,+24100000920,2006-02-19,Doctorat,7,Commercial
921,Cand921,Pr921,cand921@mail.com,+24100000921,2015-11-03,Master,6,Tech
922,Cand922,Pr922,cand922@mail.com,+24100000922,2003-07-05,Doctorat,15,Commercial
923,Cand923,Pr923,cand923@mail.com,+24100000923,1998-05-04,BTS,2,Finance
924,Cand924,Pr924,cand924@mail.com,+24100000924,1985-12-16,Master,10,Finance
925,Cand925,Pr925,cand925@mail.com,+24100000925,1990-03-13,Master,8,Commercial
926,Cand926,Pr926,cand926@mail.com,+24100000926,2018-11-07,Licence,3,Finance
927,Cand927,Pr927,cand927@mail.com,+24100000927,2002-03-24,Master,12,Finance
928,Cand928,Pr928,cand928@mail.com,+24100000928,1992-05-17,Licence,6,IT
929,Cand929,Pr929,cand929@mail.com,+24100000929,1997-03-07,Licence,3,Commercial
930,Cand930,Pr930,cand930@mail.com,+24100000930,2003-09-27,BTS,13,Commercial
931,Cand931,Pr931,cand931@mail.com,+24100000931,2002-01-28,Licence,3,Commercial
932,Cand932,Pr932,cand932@mail.com,+24100000932,2008-09-26,Master,13,IT
933,Cand933,Pr933,cand933@mail.com,+24100000933,1990-07-29,BTS,3,Commercial
934,Cand934,Pr934,cand934@mail.com,+24100000934,2006-08-30,BTS,8,Commercial
935,Cand935,Pr935,cand935@mail.com,+24100000935,1998-03-07,Licence,16,IT
936,Cand936,Pr936,cand936@mail.com,+24100000936,2018-08-17,Licence,4,Tech
937,Cand937,Pr937,cand937@mail.com,+24100000937,1986-06-26,Master,15,Finance
938,Cand938,Pr938,cand938@mail.com,+24100000938,1986-02-04,Doctorat,14,Finance
939,Cand939,Pr939,cand939@mail.com,+24100000939,1998-12-16,BTS,18,Commercial
940,Cand940,Pr940,cand940@mail.com,+24100000940,2000-11-16,Licence,3,Finance
941,Cand941,Pr941,cand941@mail.com,+24100000941,2008-05-16,Licence,14,Finance
942,Cand942,Pr942,cand942@mail.com,+24100000942,1996-08-04,Master,18,RH
943,Cand943,Pr943,cand943@mail.com,+24100000943,2017-07-10,BTS,15,Tech
944,Cand944,Pr944,cand944@mail.com,+24100000944,1999-06-22,Licence,3,Tech
945,Cand945,Pr945,cand945@mail.com,+24100000945,1985-04-24,Master,16,IT
946,Cand946,Pr946,cand946@mail.com,+24100000946,1984-11-23,Licence,2,Commercial
947,Cand947,Pr947,cand947@mail.com,+24100000947,2019-12-23,Licence,11,IT
948,Cand948,Pr948,cand948@mail.com,+24100000948,1985-07-04,BTS,9,RH
949,Cand949,Pr949,cand949@mail.com,+24100000949,2018-12-04,Licence,10,Tech
950,Cand950,Pr950,cand950@mail.com,+24100000950,1991-06-03,Master,10,IT
951,Cand951,Pr951,cand951@mail.com,+24100000951,1983-11-02,BTS,0,RH
952,Cand952,Pr952,cand952@mail.com,+24100000952,1992-07-06,Doctorat,10,RH
953,Cand953,Pr953,cand953@mail.com,+24100000953,2005-03-30,Licence,18,Commercial
954,Cand954,Pr954,cand954@mail.com,+24100000954,1997-07-28,Master,8,Finance
955,Cand955,Pr955,cand955@mail.com,+24100000955,2012-04-05,BTS,5,Finance
956,Cand956,Pr956,cand956@mail.com,+24100000956,2005-02-02,Master,19,Tech
957,Cand957,Pr957,cand957@mail.com,+24100000957,1996-06-16,Doctorat,1,Finance
958,Cand958,Pr958,cand958@mail.com,+24100000958,2006-01-23,Doctorat,9,Commercial
959,Cand959,Pr959,cand959@mail.com,+24100000959,2019-11-23,Doctorat,10,IT
960,Cand960,Pr960,cand960@mail.com,+24100000960,1996-11-29,Licence,9,RH
961,Cand961,Pr961,cand961@mail.com,+24100000961,1986-04-20,BTS,18,Tech
962,Cand962,Pr962,cand962@mail.com,+24100000962,1996-10-14,BTS,8,Tech
963,Cand963,Pr963,cand963@mail.com,+24100000963,2014-07-02,Licence,19,Commercial
964,Cand964,Pr964,cand964@mail.com,+24100000964,1988-12-08,BTS,1,RH
965,Cand965,Pr965,cand965@mail.com,+24100000965,2018-12-24,BTS,14,IT
966,Cand966,Pr966,cand966@mail.com,+24100000966,2004-02-28,Doctorat,11,Tech
967,Cand967,Pr967,cand967@mail.com,+24100000967,2004-09-14,Master,4,Commercial
968,Cand968,Pr968,cand968@mail.com,+24100000968,1993-01-07,Master,4,RH
969,Cand969,Pr969,cand969@mail.com,+24100000969,2017-10-19,BTS,14,Finance
970,Cand970,Pr970,cand970@mail.com,+24100000970,1981-06-24,Licence,12,Commercial
971,Cand971,Pr971,cand971@mail.com,+24100000971,1992-04-07,BTS,12,Finance
972,Cand972,Pr972,cand972@mail.com,+24100000972,1997-03-08,BTS,1,Tech
973,Cand973,Pr973,cand973@mail.com,+24100000973,1999-08-08,Doctorat,11,IT
974,Cand974,Pr974,cand974@mail.com,+24100000974,1999-06-21,Master,19,RH
975,Cand975,Pr975,cand975@mail.com,+24100000975,1986-01-27,Doctorat,0,IT
976,Cand976,Pr976,cand976@mail.com,+24100000976,1989-04-06,Licence,9,Commercial
977,Cand977,Pr977,cand977@mail.com,+24100000977,1983-11-29,BTS,9,Commercial
978,Cand978,Pr978,cand978@mail.com,+24100000978,2003-07-05,Master,17,Tech
979,Cand979,Pr979,cand979@mail.com,+24100000979,1994-05-30,Licence,5,Finance
980,Cand980,Pr980,cand980@mail.com,+24100000980,2003-03-27,BTS,9,IT
981,Cand981,Pr981,cand981@mail.com,+24100000981,2004-03-20,Doctorat,14,Finance
982,Cand982,Pr982,cand982@mail.com,+24100000982,2008-10-30,Doctorat,1,IT
983,Cand983,Pr983,cand983@mail.com,+24100000983,2002-06-19,Licence,16,Commercial
984,Cand984,Pr984,cand984@mail.com,+24100000984,2006-08-11,BTS,16,Commercial
985,Cand985,Pr985,cand985@mail.com,+24100000985,2004-02-11,Doctorat,14,Tech
986,Cand986,Pr986,cand986@mail.com,+24100000986,2006-10-17,BTS,12,RH
987,Cand987,Pr987,cand987@mail.com,+24100000987,2005-04-28,BTS,14,RH
988,Cand988,Pr988,cand988@mail.com,+24100000988,1992-12-26,Licence,15,IT
989,Cand989,Pr989,cand989@mail.com,+24100000989,1990-02-11,Licence,18,Finance
990,Cand990,Pr990,cand990@mail.com,+24100000990,2012-05-03,BTS,8,Finance
991,Cand991,Pr991,cand991@mail.com,+24100000991,1994-01-27,Doctorat,9,Commercial
992,Cand992,Pr992,cand992@mail.com,+24100000992,2002-07-21,Master,12,Commercial
993,Cand993,Pr993,cand993@mail.com,+24100000993,1988-02-02,Master,3,IT
994,Cand994,Pr994,cand994@mail.com,+24100000994,1997-09-19,Doctorat,17,RH
995,Cand995,Pr995,cand995@mail.com,+24100000995,2001-10-01,BTS,15,Finance
996,Cand996,Pr996,cand996@mail.com,+24100000996,2005-09-16,Licence,12,RH
997,Cand997,Pr997,cand997@mail.com,+24100000997,2001-08-13,Doctorat,6,IT
998,Cand998,Pr998,cand998@mail.com,+24100000998,1994-10-23,BTS,6,Tech
999,Cand999,Pr999,cand999@mail.com,+24100000999,2019-07-01,Master,8,Commercial
1000,Cand1000,Pr1000,cand1000@mail.com,+24100001000,2001-01-21,Master,13,Finance
