PosteID,TitrePoste,Departement,NiveauSeniority,TypeProfil,Localisation,SalaireMin,SalaireMax
1,Poste1,RH,Senior,Support,France,605922,938507
2,Poste2,Com,Senior,Tech,France,598222,823714
3,Poste3,IT,Intermediaire,Support,Libreville,410709,1239117
4,Poste4,RH,Junior,Management,France,696135,1278110
5,Poste5,Com,Junior,Tech,Libreville,645874,1340830
6,Poste6,Com,Senior,Management,Port-Gentil,676536,1465347
7,Poste7,RH,Senior,Tech,Libreville,533926,1148152
8,Poste8,Finance,Senior,Tech,Port-Gentil,746270,1380405
9,Poste9,IT,Junior,Tech,France,494929,1301403
10,Poste10,IT,Intermediaire,Tech,Port-Gentil,702886,994038
11,Poste11,RH,Junior,Tech,Libreville,401764,1391584
12,Poste12,Com,Senior,Support,Libreville,423633,837327
13,Poste13,Finance,Intermediaire,Support,France,563372,1219223
14,Poste14,RH,Senior,Management,Port-Gentil,577938,1458245
15,Poste15,RH,Senior,Support,Port-Gentil,673107,1261274
16,Poste16,IT,Senior,Support,Port-Gentil,448705,1455943
17,Poste17,RH,Intermediaire,Support,Libreville,736325,839310
18,Poste18,IT,Intermediaire,Tech,Port-Gentil,464892,1172690
19,Poste19,IT,Intermediaire,Management,Port-Gentil,567091,1346428
20,Poste20,Finance,Junior,Tech,France,765972,1249622
21,Poste21,IT,Junior,Management,Port-Gentil,569700,1416375
22,Poste22,IT,Intermediaire,Management,France,640947,1123820
23,Poste23,Finance,Senior,Management,France,754312,1277822
24,Poste24,RH,Intermediaire,Support,Libreville,787295,1093835
25,Poste25,RH,Senior,Tech,Port-Gentil,549703,1410483
26,Poste26,IT,Junior,Management,Port-Gentil,508456,883613
27,Poste27,IT,Intermediaire,Tech,Libreville,398465,977883
28,Poste28,RH,Intermediaire,Support,Libreville,568718,867727
29,Poste29,Finance,Intermediaire,Management,France,759169,1291470
30,Poste30,RH,Junior,Management,Port-Gentil,543557,962912
31,Poste31,Finance,Junior,Management,Libreville,474238,1021996
32,Poste32,Finance,Senior,Tech,Libreville,353643,1385648
33,Poste33,RH,Intermediaire,Management,Libreville,494866,1052127
34,Poste34,RH,Junior,Tech,Libreville,418350,902082
35,Poste35,RH,Junior,Support,Libreville,788356,814679
36,Poste36,IT,Junior,Management,France,563818,958689
37,Poste37,Finance,Senior,Support,France,368493,1440279
38,Poste38,Finance,Junior,Management,Port-Gentil,333687,1184029
39,Poste39,RH,Senior,Support,Port-Gentil,725371,1496382
40,Poste40,RH,Junior,Tech,France,765730,950591
41,Poste41,RH,Intermediaire,Tech,France,681501,1046035
42,Poste42,Finance,Junior,Support,Libreville,361921,914244
43,Poste43,Com,Senior,Management,France,349142,1078865
44,Poste44,IT,Junior,Support,Libreville,398990,1194321
45,Poste45,RH,Intermediaire,Management,Libreville,675568,1365690
46,Poste46,IT,Junior,Support,Port-Gentil,682660,1057665
47,Poste47,RH,Junior,Tech,France,718923,1340071
48,Poste48,IT,Junior,Tech,Libreville,348467,1238311
49,Poste49,RH,Senior,Support,Libreville,376606,1004268
50,Poste50,RH,Intermediaire,Management,Libreville,750139,1438543
51,Poste51,RH,Intermediaire,Management,Port-Gentil,764372,1103971
52,Poste52,RH,Intermediaire,Tech,France,662850,905695
53,Poste53,Com,Senior,Support,Libreville,353019,1473889
54,Poste54,Com,Intermediaire,Management,Libreville,334310,1439403
55,Poste55,IT,Intermediaire,Support,Libreville,327793,834678
56,Poste56,RH,Junior,Tech,Libreville,645923,1431742
57,Poste57,Com,Junior,Support,Libreville,722983,1463164
58,Poste58,Finance,Junior,Tech,Port-Gentil,615814,1380361
59,Poste59,IT,Intermediaire,Tech,Port-Gentil,431051,978497
60,Poste60,Finance,Junior,Support,Port-Gentil,678674,1241900
61,Poste61,IT,Junior,Tech,France,329565,1176768
62,Poste62,IT,Junior,Support,Port-Gentil,714098,1234102
63,Poste63,Finance,Junior,Support,Libreville,745941,1231510
64,Poste64,Finance,Senior,Support,Port-Gentil,659175,1247448
65,Poste65,Com,Intermediaire,Support,Libreville,739632,1159800
66,Poste66,RH,Senior,Tech,France,593088,1283346
67,Poste67,Com,Intermediaire,Management,Libreville,534182,1168624
68,Poste68,RH,Senior,Management,Libreville,461231,811537
69,Poste69,Finance,Junior,Management,France,760854,824697
70,Poste70,IT,Intermediaire,Management,Port-Gentil,648636,1470664
71,Poste71,IT,Senior,Support,Libreville,395247,1436475
72,Poste72,Com,Intermediaire,Management,France,778485,1209922
73,Poste73,Com,Senior,Support,Libreville,329602,922212
74,Poste74,Com,Junior,Tech,France,593760,1347026
75,Poste75,RH,Junior,Management,France,395271,900303
76,Poste76,IT,Senior,Tech,Port-Gentil,632172,1064097
77,Poste77,Com,Junior,Management,Port-Gentil,506326,1030901
78,Poste78,Finance,Senior,Support,Port-Gentil,518564,808678
79,Poste79,IT,Senior,Management,Port-Gentil,635771,1364907
80,Poste80,Com,Senior,Support,Libreville,678060,1156814
81,Poste81,Com,Intermediaire,Support,Libreville,490021,1021376
82,Poste82,RH,Senior,Tech,Libreville,798833,1155033
83,Poste83,Com,Junior,Management,France,549236,800000
84,Poste84,Com,Intermediaire,Tech,Libreville,380194,1105892
85,Poste85,Finance,Junior,Support,Port-Gentil,303199,1163706
86,Poste86,Finance,Senior,Support,France,401202,1037801
87,Poste87,RH,Senior,Support,France,645546,1381266
88,Poste88,Com,Senior,Tech,Libreville,569718,974878
89,Poste89,Com,Senior,Support,Libreville,468915,896477
90,Poste90,Com,Junior,Support,France,540687,1169281
91,Poste91,Finance,Junior,Tech,Libreville,719062,1421093
92,Poste92,IT,Senior,Tech,Libreville,585784,1062694
93,Poste93,RH,Intermediaire,Management,France,329048,832637
94,Poste94,RH,Junior,Tech,France,324537,1478952
95,Poste95,Com,Senior,Tech,France,541025,1111008
96,Poste96,Finance,Senior,Support,France,502138,921049
97,Poste97,Finance,Intermediaire,Tech,Libreville,725250,1230930
98,Poste98,IT,Senior,Support,Libreville,591489,1023765
99,Poste99,Com,Junior,Tech,Libreville,678430,1456454
100,Poste100,RH,Junior,Support,Libreville,592595,1005772
101,Poste101,IT,Junior,Management,France,472639,1185094
102,Poste102,Com,Intermediaire,Support,Libreville,628666,1180316
103,Poste103,IT,Junior,Management,Port-Gentil,610714,969708
104,Poste104,IT,Junior,Management,France,660108,1149496
105,Poste105,IT,Senior,Tech,France,394620,876350
106,Poste106,RH,Senior,Support,Libreville,620773,1250618
107,Poste107,IT,Senior,Tech,Port-Gentil,442734,1330822
108,Poste108,Com,Senior,Support,Port-Gentil,695121,1465001
109,Poste109,Finance,Senior,Tech,France,699262,1028046
110,Poste110,RH,Intermediaire,Management,Port-Gentil,612380,999654
111,Poste111,IT,Intermediaire,Tech,Libreville,773349,1184166
112,Poste112,RH,Senior,Support,France,568753,1284940
113,Poste113,IT,Intermediaire,Tech,France,312568,1494725
114,Poste114,Com,Junior,Management,Port-Gentil,603098,817528
115,Poste115,RH,Senior,Management,Libreville,688848,966813
116,Poste116,RH,Junior,Management,Port-Gentil,350596,983671
117,Poste117,IT,Senior,Support,France,352300,978767
118,Poste118,IT,Intermediaire,Tech,France,436578,1124603
119,Poste119,IT,Senior,Management,Port-Gentil,722123,1411037
120,Poste120,IT,Junior,Support,Libreville,563699,821696
121,Poste121,Finance,Intermediaire,Management,Port-Gentil,788219,1371089
122,Poste122,Com,Intermediaire,Management,France,736493,1232368
123,Poste123,Com,Intermediaire,Support,France,577416,1230639
124,Poste124,RH,Junior,Management,Libreville,639525,1274817
125,Poste125,Com,Senior,Management,Libreville,465500,880785
126,Poste126,Finance,Intermediaire,Support,Port-Gentil,345204,1322712
127,Poste127,IT,Senior,Tech,Libreville,499368,973692
128,Poste128,IT,Intermediaire,Tech,France,596137,1161602
129,Poste129,Finance,Junior,Support,Libreville,391096,1273814
130,Poste130,RH,Senior,Support,Port-Gentil,410868,1222761
131,Poste131,IT,Junior,Tech,France,307497,1026187
132,Poste132,Com,Junior,Tech,France,667008,1077245
133,Poste133,Finance,Senior,Management,France,749714,1133557
134,Poste134,Finance,Senior,Management,Libreville,713720,828877
135,Poste135,Com,Senior,Tech,France,489998,1308229
136,Poste136,Com,Intermediaire,Support,Port-Gentil,596728,869966
137,Poste137,Com,Senior,Tech,Libreville,780402,1121008
138,Poste138,RH,Junior,Management,Port-Gentil,595681,1258497
139,Poste139,Com,Senior,Management,Port-Gentil,447943,856274
140,Poste140,Finance,Intermediaire,Management,Port-Gentil,469295,1496888
141,Poste141,Finance,Junior,Support,Libreville,663566,1064056
142,Poste142,Com,Intermediaire,Support,Port-Gentil,523125,811062
143,Poste143,IT,Intermediaire,Management,Port-Gentil,718652,1261043
144,Poste144,RH,Junior,Support,Libreville,732054,1190308
145,Poste145,IT,Intermediaire,Support,France,317916,1248232
146,Poste146,RH,Intermediaire,Management,Libreville,661660,1325706
147,Poste147,RH,Junior,Support,France,484979,1132943
148,Poste148,Com,Junior,Management,Libreville,559876,1378742
149,Poste149,Com,Senior,Support,France,432396,1059104
150,Poste150,RH,Intermediaire,Management,Port-Gentil,484116,1181643
151,Poste151,RH,Intermediaire,Tech,Libreville,465190,910960
152,Poste152,Finance,Intermediaire,Tech,Libreville,325189,1233941
153,Poste153,Com,Intermediaire,Tech,France,691385,983117
154,Poste154,Com,Intermediaire,Support,France,371503,1287707
155,Poste155,IT,Intermediaire,Management,Libreville,487899,1360738
156,Poste156,IT,Senior,Tech,Port-Gentil,396512,1401276
157,Poste157,Finance,Senior,Tech,Port-Gentil,380304,1450357
158,Poste158,RH,Junior,Management,Libreville,486691,885602
159,Poste159,IT,Senior,Management,Port-Gentil,759382,896594
160,Poste160,IT,Senior,Support,France,772071,1448327
161,Poste161,RH,Junior,Support,France,490850,1066579
162,Poste162,RH,Senior,Support,France,552576,818212
163,Poste163,Finance,Intermediaire,Tech,Libreville,792849,1000892
164,Poste164,IT,Senior,Tech,Libreville,417420,1385339
165,Poste165,Finance,Intermediaire,Management,Port-Gentil,772353,1048492
166,Poste166,Finance,Senior,Support,Libreville,352875,853718
167,Poste167,RH,Junior,Management,Port-Gentil,412927,1305476
168,Poste168,IT,Junior,Management,Libreville,469152,936239
169,Poste169,Finance,Senior,Tech,Libreville,318542,1046961
170,Poste170,Finance,Intermediaire,Tech,Libreville,707865,802725
171,Poste171,RH,Intermediaire,Management,Libreville,727707,1221398
172,Poste172,RH,Junior,Tech,France,491671,1111679
173,Poste173,Finance,Junior,Support,Libreville,718192,1406934
174,Poste174,RH,Senior,Management,France,686252,1034051
175,Poste175,RH,Junior,Management,Libreville,700702,943223
176,Poste176,RH,Intermediaire,Management,Libreville,701352,916195
177,Poste177,RH,Junior,Tech,Port-Gentil,586741,940111
178,Poste178,Finance,Junior,Tech,France,355410,1115763
179,Poste179,RH,Junior,Tech,Libreville,761743,861016
180,Poste180,RH,Senior,Tech,Libreville,604329,1081659
181,Poste181,Finance,Senior,Tech,France,750632,1398277
182,Poste182,RH,Junior,Management,Port-Gentil,779548,1337362
183,Poste183,IT,Intermediaire,Tech,Port-Gentil,393581,1246081
184,Poste184,Com,Intermediaire,Management,France,501069,1425191
185,Poste185,IT,Intermediaire,Support,France,396246,1346150
186,Poste186,Finance,Senior,Support,Port-Gentil,325472,1256797
187,Poste187,RH,Junior,Tech,Port-Gentil,783203,1404147
188,Poste188,IT,Junior,Tech,Libreville,761651,887087
189,Poste189,IT,Intermediaire,Support,Libreville,765871,1372780
190,Poste190,Com,Intermediaire,Tech,Port-Gentil,741833,1006773
191,Poste191,RH,Junior,Management,Libreville,624386,1313143
192,Poste192,RH,Senior,Tech,France,561070,1439322
193,Poste193,Finance,Junior,Tech,France,795736,1147217
194,Poste194,IT,Junior,Management,Libreville,576126,862114
195,Poste195,Finance,Intermediaire,Support,Port-Gentil,621215,1059159
196,Poste196,RH,Intermediaire,Tech,Libreville,405870,1084799
197,Poste197,Finance,Junior,Management,Port-Gentil,673354,1455714
198,Poste198,IT,Junior,Tech,Libreville,709725,1459753
199,Poste199,Com,Junior,Management,Port-Gentil,639263,1197926
200,Poste200,IT,Intermediaire,Management,Port-Gentil,549300,1465465
